id,class,cap-shape,cap-surface,cap-color,bruises,odor,gill-attachment,gill-spacing,gill-size,gill-color,stalk-shape,stalk-root,stalk-surface-ar,stalk-surface-br,stalk-color-ar,stalk-color-br,veil-type,veil-color,ring-number,ring-type,spore-print-color,population,habitat
1000,e,x,f,g,f,n,f,w,b,n,t,e,s,s,w,w,p,w,o,e,n,a,g
1001,e,f,y,g,t,n,f,c,b,n,t,b,s,s,g,w,p,w,o,p,k,y,d
1002,e,f,f,g,t,n,f,c,b,n,t,b,s,s,g,p,p,w,o,p,n,v,d
1003,p,f,y,y,f,f,f,c,b,h,e,b,k,k,n,p,p,w,o,l,h,v,g
1004,e,b,y,y,t,l,f,c,b,w,e,c,s,s,w,w,p,w,o,p,n,s,g
1005,p,f,s,n,f,s,f,c,n,b,t,?,k,s,w,p,p,w,o,e,w,v,p
1006,e,x,f,e,t,n,f,c,b,n,t,b,s,s,p,p,p,w,o,p,n,y,d
1007,p,k,y,e,f,s,f,c,n,b,t,?,s,s,p,p,p,w,o,e,w,v,p
1008,e,x,y,y,t,l,f,c,b,w,e,c,s,s,w,w,p,w,o,p,k,s,m
1009,p,x,y,y,f,f,f,c,b,h,e,b,k,k,n,b,p,w,o,l,h,y,g
1010,p,x,f,y,f,f,f,c,b,p,e,b,k,k,b,n,p,w,o,l,h,v,g
1011,e,x,y,y,t,a,f,c,b,n,e,c,s,s,w,w,p,w,o,p,k,s,g
1012,p,f,s,n,f,s,f,c,n,b,t,?,k,s,w,p,p,w,o,e,w,v,d
1013,e,s,f,n,f,n,f,c,n,n,e,e,s,s,w,w,p,w,o,p,k,v,u
1014,p,f,f,y,f,f,f,c,b,p,e,b,k,k,n,n,p,w,o,l,h,v,d
1015,p,x,y,y,f,f,f,c,b,p,e,b,k,k,b,p,p,w,o,l,h,y,d
1016,e,x,s,w,f,n,f,w,b,k,t,e,f,s,w,w,p,w,o,e,n,s,g
1017,e,x,s,e,t,n,f,c,b,e,e,?,s,s,e,w,p,w,t,e,w,c,w
1018,e,x,y,g,t,n,f,c,b,u,t,b,s,s,w,p,p,w,o,p,k,v,d
1019,p,x,s,w,f,c,f,c,n,u,e,b,s,s,w,w,p,w,o,p,k,s,d
1020,p,f,f,y,f,f,f,c,b,h,e,b,k,k,b,n,p,w,o,l,h,v,d
1021,e,f,y,u,f,n,f,c,n,h,e,?,s,f,w,w,p,w,o,f,h,v,d
1022,e,b,s,y,t,a,f,c,b,k,e,c,s,s,w,w,p,w,o,p,k,s,g
1023,p,x,y,y,f,f,f,c,b,g,e,b,k,k,p,n,p,w,o,l,h,y,p
1024,p,x,s,g,t,f,f,c,b,w,t,b,f,f,w,w,p,w,o,p,h,v,u
1025,e,k,s,e,t,n,f,c,b,w,e,?,s,s,e,e,p,w,t,e,w,c,w
1026,p,f,s,w,t,f,f,c,b,h,t,b,s,f,w,w,p,w,o,p,h,v,u
1027,e,f,f,e,t,n,f,c,b,n,t,b,s,s,p,p,p,w,o,p,k,v,d
1028,p,x,s,e,f,y,f,c,n,b,t,?,k,s,p,w,p,w,o,e,w,v,l
1029,p,f,f,g,f,f,f,c,b,p,e,b,k,k,p,p,p,w,o,l,h,v,g
1030,e,f,y,g,t,n,f,c,b,u,t,b,s,s,g,p,p,w,o,p,k,y,d
1031,p,x,y,n,f,f,f,c,n,b,t,?,s,s,w,p,p,w,o,e,w,v,p
1032,e,x,y,n,f,n,f,w,n,w,e,b,s,f,w,n,p,w,o,e,w,v,l
1033,e,k,s,g,f,n,f,w,b,p,e,?,k,k,w,w,p,w,t,p,w,n,g
1034,e,f,y,y,t,l,f,c,b,n,e,r,s,y,w,w,p,w,o,p,n,y,p
1035,p,k,s,n,f,y,f,c,n,b,t,?,s,s,w,p,p,w,o,e,w,v,l
1036,p,x,y,n,f,f,f,c,n,b,t,?,s,k,w,w,p,w,o,e,w,v,p
1037,e,x,y,e,t,n,f,c,b,p,t,b,s,s,g,p,p,w,o,p,k,v,d
1038,e,x,y,n,t,n,f,c,b,n,t,b,s,s,w,w,p,w,o,p,n,v,d
1039,e,b,s,y,t,a,f,c,b,n,e,c,s,s,w,w,p,w,o,p,n,n,g
1040,e,x,f,w,t,l,f,w,n,p,t,b,s,s,w,w,p,w,o,p,u,v,d
1041,e,x,f,g,t,n,f,c,b,w,t,b,s,s,p,g,p,w,o,p,n,y,d
1042,p,k,s,e,f,y,f,c,n,b,t,?,k,s,w,w,p,w,o,e,w,v,l
1043,e,x,y,y,t,a,f,c,b,k,e,c,s,s,w,w,p,w,o,p,n,s,m
1044,e,x,y,e,t,n,f,c,b,e,e,?,s,s,e,e,p,w,t,e,w,c,w
1045,p,f,y,n,t,p,f,c,n,n,e,e,s,s,w,w,p,w,o,p,n,s,g
1046,p,f,s,w,t,f,f,c,b,p,t,b,f,f,w,w,p,w,o,p,h,s,u
1047,e,b,y,w,t,l,f,c,b,k,e,c,s,s,w,w,p,w,o,p,k,n,g
1048,p,x,s,b,t,f,f,c,b,h,t,b,s,s,w,w,p,w,o,p,h,s,u
1049,e,x,f,e,t,n,f,c,b,p,t,b,s,s,p,g,p,w,o,p,k,v,d
1050,p,f,y,n,f,s,f,c,n,b,t,?,k,s,w,w,p,w,o,e,w,v,p
1051,p,x,y,n,f,s,f,c,n,b,t,?,s,k,p,p,p,w,o,e,w,v,p
1052,e,x,y,w,t,a,f,c,b,n,e,c,s,s,w,w,p,w,o,p,k,s,m
1053,p,k,s,e,f,y,f,c,n,b,t,?,k,k,p,p,p,w,o,e,w,v,l
1054,p,f,y,e,f,s,f,c,n,b,t,?,s,k,p,p,p,w,o,e,w,v,p
1055,e,x,y,e,t,n,f,c,b,n,t,b,s,s,w,g,p,w,o,p,n,y,d
1056,p,x,y,g,f,f,f,c,b,g,e,b,k,k,p,p,p,w,o,l,h,v,p
1057,p,k,y,e,f,y,f,c,n,b,t,?,k,s,p,p,p,w,o,e,w,v,d
1058,p,f,y,e,f,y,f,c,n,b,t,?,s,s,p,p,p,w,o,e,w,v,l
1059,p,x,f,y,f,f,f,c,b,g,e,b,k,k,n,p,p,w,o,l,h,y,p
1060,e,k,y,c,f,n,f,w,n,w,e,b,s,s,w,n,p,w,o,e,w,v,l
1061,e,x,y,e,t,n,f,c,b,n,t,b,s,s,g,w,p,w,o,p,k,y,d
1062,p,f,y,n,f,y,f,c,n,b,t,?,s,s,p,w,p,w,o,e,w,v,l
1063,p,x,y,n,f,y,f,c,n,b,t,?,k,s,p,p,p,w,o,e,w,v,d
1064,p,x,y,y,f,f,f,c,b,g,e,b,k,k,p,n,p,w,o,l,h,v,p
1065,e,x,y,n,t,n,f,c,b,w,t,b,s,s,w,g,p,w,o,p,k,y,d
1066,e,x,y,w,t,a,f,c,b,g,e,c,s,s,w,w,p,w,o,p,k,n,g
1067,e,f,f,g,f,n,f,w,b,p,t,e,s,f,w,w,p,w,o,e,n,s,g
1068,p,x,f,y,f,f,f,c,b,h,e,b,k,k,b,b,p,w,o,l,h,v,g
1069,e,f,s,n,f,n,f,w,b,h,t,e,s,f,w,w,p,w,o,e,n,a,g
1070,e,s,f,g,f,n,f,c,n,p,e,e,s,s,w,w,p,w,o,p,k,v,u
1071,e,f,s,g,f,n,f,w,b,p,t,e,f,s,w,w,p,w,o,e,k,a,g
1072,e,x,f,g,t,n,f,c,b,n,t,b,s,s,g,g,p,w,o,p,k,y,d
1073,e,k,s,e,t,n,f,c,b,w,e,?,s,s,e,w,p,w,t,e,w,c,w
1074,e,f,f,n,f,n,f,w,b,h,t,e,s,f,w,w,p,w,o,e,k,s,g
1075,e,x,f,g,t,n,f,c,b,n,t,b,s,s,p,g,p,w,o,p,n,y,d
1076,p,x,f,y,f,f,f,c,b,g,e,b,k,k,b,p,p,w,o,l,h,y,p
1077,p,f,y,n,f,f,f,c,n,b,t,?,k,s,w,p,p,w,o,e,w,v,l
1078,p,f,y,n,f,f,f,c,n,b,t,?,k,k,p,w,p,w,o,e,w,v,p
1079,p,f,f,y,f,f,f,c,b,g,e,b,k,k,p,b,p,w,o,l,h,v,g
1080,e,f,y,e,t,n,f,c,b,p,t,b,s,s,p,g,p,w,o,p,n,y,d
1081,p,f,y,n,f,s,f,c,n,b,t,?,s,s,p,w,p,w,o,e,w,v,d
1082,p,x,s,e,f,s,f,c,n,b,t,?,k,s,w,w,p,w,o,e,w,v,p
1083,p,f,s,e,f,f,f,c,n,b,t,?,k,k,p,p,p,w,o,e,w,v,p
1084,p,f,y,g,f,f,f,c,b,g,e,b,k,k,n,n,p,w,o,l,h,y,p
1085,p,x,y,e,f,f,f,c,n,b,t,?,k,s,w,p,p,w,o,e,w,v,l
1086,e,s,f,g,f,n,f,c,n,n,e,e,s,s,w,w,p,w,o,p,n,y,u
1087,p,x,f,g,f,f,f,c,b,g,e,b,k,k,p,n,p,w,o,l,h,y,p
1088,e,x,s,y,t,a,f,c,b,n,e,c,s,s,w,w,p,w,o,p,n,n,g
1089,p,f,f,y,f,f,f,c,b,g,e,b,k,k,p,b,p,w,o,l,h,y,d
1090,p,f,y,e,f,f,f,c,n,b,t,?,k,s,p,p,p,w,o,e,w,v,d
1091,p,f,s,e,f,s,f,c,n,b,t,?,k,s,p,p,p,w,o,e,w,v,d
1092,e,b,y,y,t,l,f,c,b,g,e,c,s,s,w,w,p,w,o,p,n,s,m
1093,p,x,f,y,f,f,f,c,b,p,e,b,k,k,p,n,p,w,o,l,h,y,d
1094,e,x,f,g,t,n,f,c,b,n,t,b,s,s,g,p,p,w,o,p,k,y,d
1095,p,f,y,y,f,f,f,c,b,g,e,b,k,k,p,p,p,w,o,l,h,v,p
1096,e,x,f,g,f,n,f,w,b,k,t,e,s,f,w,w,p,w,o,e,n,s,g
1097,e,f,s,g,f,n,f,w,b,p,t,e,f,f,w,w,p,w,o,e,k,s,g
1098,p,f,y,g,f,f,f,c,b,p,e,b,k,k,n,p,p,w,o,l,h,y,g
1099,p,f,f,g,f,f,f,c,b,h,e,b,k,k,p,n,p,w,o,l,h,v,d
1100,e,x,f,n,t,n,f,c,b,u,t,b,s,s,p,g,p,w,o,p,n,v,d
1101,e,x,f,g,f,n,f,w,b,w,e,?,k,s,w,w,p,w,t,p,w,s,g
1102,p,f,y,n,f,y,f,c,n,b,t,?,s,s,p,p,p,w,o,e,w,v,l
1103,e,x,f,y,t,a,f,w,n,p,t,b,s,s,w,w,p,w,o,p,u,v,d
1104,p,f,s,w,t,f,f,c,b,p,t,b,s,f,w,w,p,w,o,p,h,v,g
1105,p,x,y,e,f,y,f,c,n,b,t,?,k,k,p,p,p,w,o,e,w,v,p
1106,e,f,y,n,t,n,f,c,b,u,t,b,s,s,g,g,p,w,o,p,k,y,d
1107,p,f,f,g,f,f,f,c,b,h,e,b,k,k,n,p,p,w,o,l,h,y,p
1108,e,b,s,n,f,n,a,c,b,y,e,?,s,s,o,o,p,n,o,p,n,v,l
1109,p,x,y,g,f,f,f,c,b,h,e,b,k,k,n,n,p,w,o,l,h,v,d
1110,p,x,y,g,f,f,f,c,b,h,e,b,k,k,b,b,p,w,o,l,h,v,d
1111,e,x,s,w,f,n,f,w,b,k,t,e,f,f,w,w,p,w,o,e,n,s,g
1112,e,x,f,e,t,n,f,c,b,u,t,b,s,s,p,g,p,w,o,p,k,y,d
1113,e,b,y,w,t,l,f,c,b,n,e,c,s,s,w,w,p,w,o,p,k,n,m
1114,e,x,y,y,t,l,f,c,b,n,e,r,s,y,w,w,p,w,o,p,k,y,g
1115,e,f,f,n,t,n,f,c,b,n,t,b,s,s,g,p,p,w,o,p,n,y,d
1116,p,k,y,e,f,f,f,c,n,b,t,?,k,s,w,p,p,w,o,e,w,v,p
1117,e,f,f,n,t,n,f,c,b,p,t,b,s,s,p,w,p,w,o,p,n,v,d
1118,p,x,f,g,f,c,f,c,n,g,e,b,s,s,w,w,p,w,o,p,n,s,d
1119,p,x,f,g,f,f,f,c,b,g,e,b,k,k,n,n,p,w,o,l,h,y,p
1120,e,f,y,g,t,n,f,c,b,u,t,b,s,s,p,p,p,w,o,p,n,y,d
1121,e,x,y,n,t,l,f,c,b,p,e,r,s,y,w,w,p,w,o,p,k,s,p
1122,e,x,s,n,f,n,f,w,b,p,t,e,s,s,w,w,p,w,o,e,k,a,g
1123,p,x,y,e,f,s,f,c,n,b,t,?,s,s,w,w,p,w,o,e,w,v,d
1124,e,x,f,e,t,n,f,c,b,u,t,b,s,s,w,p,p,w,o,p,n,v,d
1125,p,f,y,w,t,n,f,w,n,w,e,b,s,s,w,w,p,w,o,p,w,c,l
1126,p,x,s,g,t,f,f,c,b,w,t,b,f,f,w,w,p,w,o,p,h,s,g
1127,p,x,y,n,f,f,f,c,n,b,t,?,k,k,w,w,p,w,o,e,w,v,d
1128,p,x,f,g,f,f,f,c,b,p,e,b,k,k,b,n,p,w,o,l,h,y,d
1129,e,f,y,g,t,n,f,c,b,p,t,b,s,s,w,p,p,w,o,p,k,y,d
1130,e,x,f,g,t,n,f,c,b,p,t,b,s,s,g,p,p,w,o,p,k,y,d
1131,p,x,y,y,f,f,f,c,b,p,e,b,k,k,b,b,p,w,o,l,h,y,g
1132,p,k,s,e,f,s,f,c,n,b,t,?,k,s,w,w,p,w,o,e,w,v,d
1133,p,f,s,w,t,p,f,c,n,k,e,e,s,s,w,w,p,w,o,p,k,v,g
1134,p,x,s,n,f,f,f,c,n,b,t,?,s,s,w,w,p,w,o,e,w,v,l
1135,p,f,y,n,f,s,f,c,n,b,t,?,s,k,w,w,p,w,o,e,w,v,l
1136,e,f,f,w,f,n,f,w,b,p,t,e,f,s,w,w,p,w,o,e,k,s,g
1137,e,f,y,n,t,n,f,c,b,w,t,b,s,s,g,w,p,w,o,p,k,y,d
1138,p,x,f,y,f,f,f,c,b,h,e,b,k,k,n,b,p,w,o,l,h,y,p
1139,p,k,y,w,t,n,f,w,n,w,e,b,s,s,w,w,p,w,o,p,w,c,l
1140,p,x,y,e,f,s,f,c,n,b,t,?,s,s,w,p,p,w,o,e,w,v,p
1141,e,x,y,n,t,n,f,c,b,w,t,b,s,s,g,g,p,w,o,p,k,y,d
1142,p,x,y,n,f,s,f,c,n,b,t,?,k,k,w,w,p,w,o,e,w,v,p
1143,e,f,f,n,f,n,f,w,n,w,e,b,f,s,w,n,p,w,o,e,w,v,l
1144,e,f,f,n,t,n,f,c,b,w,t,b,s,s,p,w,p,w,o,p,k,v,d
1145,p,x,y,e,f,y,f,c,n,b,t,?,k,s,p,p,p,w,o,e,w,v,p
1146,p,x,f,g,f,f,f,c,b,h,e,b,k,k,p,p,p,w,o,l,h,v,p
1147,p,f,y,e,f,f,f,c,n,b,t,?,k,k,p,w,p,w,o,e,w,v,l
1148,p,f,y,e,f,s,f,c,n,b,t,?,s,s,w,w,p,w,o,e,w,v,p
1149,p,f,f,g,f,f,f,c,b,p,e,b,k,k,b,n,p,w,o,l,h,v,p
1150,e,f,y,b,t,n,f,c,b,w,e,?,s,s,w,e,p,w,t,e,w,c,w
1151,e,f,y,n,t,n,f,c,b,p,t,b,s,s,p,w,p,w,o,p,k,y,d
1152,p,x,y,n,f,s,f,c,n,b,t,?,s,s,p,p,p,w,o,e,w,v,d
1153,e,x,y,n,t,n,f,c,b,u,t,b,s,s,p,w,p,w,o,p,k,v,d
1154,e,f,y,e,t,n,f,c,b,w,t,b,s,s,g,p,p,w,o,p,k,y,d
1155,e,b,s,n,f,n,f,c,b,w,e,b,y,y,n,n,p,w,t,p,w,y,d
1156,e,x,f,g,f,n,f,w,b,n,t,e,f,s,w,w,p,w,o,e,k,s,g
1157,p,x,y,e,f,y,f,c,n,b,t,?,s,k,p,w,p,w,o,e,w,v,l
1158,e,x,y,n,t,n,f,c,b,n,t,b,s,s,g,g,p,w,o,p,k,v,d
1159,e,f,y,n,t,n,f,c,b,u,t,b,s,s,g,p,p,w,o,p,k,y,d
1160,e,x,f,n,t,n,f,c,b,u,t,b,s,s,p,p,p,w,o,p,k,v,d
1161,p,x,f,g,f,f,f,c,b,p,e,b,k,k,b,p,p,w,o,l,h,y,g
1162,e,f,y,n,t,n,f,c,b,u,t,b,s,s,w,g,p,w,o,p,n,y,d
1163,e,x,s,e,t,n,f,c,b,w,e,?,s,s,w,e,p,w,t,e,w,c,w
1164,p,f,y,e,f,y,f,c,n,b,t,?,s,s,w,w,p,w,o,e,w,v,l
1165,e,x,y,n,t,n,f,c,b,w,t,b,s,s,w,p,p,w,o,p,k,v,d
1166,p,f,y,g,f,f,f,c,b,h,e,b,k,k,b,b,p,w,o,l,h,v,d
1167,e,f,f,g,f,n,f,w,b,p,t,e,f,f,w,w,p,w,o,e,n,a,g
1168,p,x,s,p,f,c,f,w,n,g,e,b,s,s,w,w,p,w,o,p,k,s,d
1169,e,f,s,n,f,n,f,w,b,h,t,e,s,s,w,w,p,w,o,e,k,a,g
1170,p,k,y,e,f,y,f,c,n,b,t,?,k,s,p,p,p,w,o,e,w,v,l
1171,p,x,f,w,f,c,f,c,n,u,e,b,s,s,w,w,p,w,o,p,k,s,d
1172,e,b,f,w,f,n,f,w,b,g,e,?,s,s,w,w,p,w,t,p,w,s,g
1173,e,f,f,n,t,n,f,c,b,p,t,b,s,s,g,w,p,w,o,p,n,v,d
1174,e,b,s,y,t,a,f,c,b,w,e,c,s,s,w,w,p,w,o,p,k,s,m
1175,p,f,s,e,f,y,f,c,n,b,t,?,k,k,w,w,p,w,o,e,w,v,p
1176,p,f,y,y,f,f,f,c,b,g,e,b,k,k,p,b,p,w,o,l,h,y,d
1177,e,k,s,n,f,n,a,c,b,y,e,?,s,s,o,o,p,o,o,p,b,c,l
1178,e,f,s,g,f,n,f,w,b,n,t,e,s,s,w,w,p,w,o,e,k,a,g
1179,p,f,y,g,f,f,f,c,b,h,e,b,k,k,b,n,p,w,o,l,h,y,g
1180,e,k,s,n,t,n,f,c,b,w,e,?,s,s,w,w,p,w,t,e,w,c,w
1181,p,x,f,p,f,c,f,c,n,n,e,b,s,s,w,w,p,w,o,p,n,s,d
1182,e,f,y,e,t,n,f,c,b,w,t,b,s,s,w,p,p,w,o,p,k,v,d
1183,e,x,y,r,f,n,f,c,n,w,e,?,s,f,w,w,p,w,o,f,h,v,d
1184,e,x,y,e,t,n,f,c,b,p,t,b,s,s,w,g,p,w,o,p,k,y,d
1185,e,x,s,w,t,a,f,c,b,k,e,c,s,s,w,w,p,w,o,p,k,s,m
1186,e,f,f,e,t,n,f,c,b,p,t,b,s,s,g,p,p,w,o,p,n,y,d
1187,e,b,y,y,t,l,f,c,b,n,e,c,s,s,w,w,p,w,o,p,n,s,g
1188,e,x,y,g,t,n,f,c,b,n,t,b,s,s,p,g,p,w,o,p,k,v,d
1189,p,x,s,g,t,f,f,c,b,w,t,b,s,f,w,w,p,w,o,p,h,s,g
1190,p,k,y,n,f,f,f,c,n,b,t,?,k,k,w,p,p,w,o,e,w,v,l
1191,p,f,s,n,f,y,f,c,n,b,t,?,s,s,p,p,p,w,o,e,w,v,l
1192,e,f,f,g,t,n,f,c,b,u,t,b,s,s,w,g,p,w,o,p,n,y,d
1193,e,f,f,n,t,n,f,c,b,u,t,b,s,s,g,w,p,w,o,p,n,v,d
1194,e,f,s,w,f,n,f,w,b,k,t,e,s,s,w,w,p,w,o,e,k,a,g
1195,e,k,y,n,t,n,f,c,b,w,e,?,s,s,w,e,p,w,t,e,w,c,w
1196,e,f,y,e,t,n,f,c,b,p,t,b,s,s,g,w,p,w,o,p,k,y,d
1197,e,f,f,g,t,n,f,c,b,n,t,b,s,s,w,w,p,w,o,p,k,v,d
1198,p,f,s,g,t,f,f,c,b,p,t,b,s,f,w,w,p,w,o,p,h,v,g
1199,e,x,y,n,t,a,f,c,b,n,e,r,s,y,w,w,p,w,o,p,n,y,p
1200,e,f,y,n,t,n,f,c,b,p,t,b,s,s,p,w,p,w,o,p,n,y,d
1201,e,f,f,e,t,n,f,c,b,n,t,b,s,s,p,w,p,w,o,p,k,y,d
1202,e,f,y,e,t,n,f,c,b,p,t,b,s,s,p,p,p,w,o,p,n,v,d
1203,e,f,y,n,t,n,f,c,b,n,t,b,s,s,g,p,p,w,o,p,n,v,d
1204,e,b,s,w,t,a,f,c,b,g,e,c,s,s,w,w,p,w,o,p,k,n,m
1205,e,f,s,p,t,n,f,c,b,w,e,?,s,s,w,e,p,w,t,e,w,c,w
1206,e,f,s,n,f,n,a,c,b,n,e,?,s,s,o,o,p,o,o,p,n,v,l
1207,e,x,f,n,t,n,f,c,b,p,t,b,s,s,p,p,p,w,o,p,n,y,d
1208,e,x,f,g,f,n,f,w,b,w,e,?,s,s,w,w,p,w,t,p,w,n,g
1209,e,x,y,e,t,n,f,c,b,w,t,b,s,s,p,w,p,w,o,p,k,y,d
1210,p,x,f,y,f,f,f,c,b,h,e,b,k,k,n,p,p,w,o,l,h,v,g
1211,p,f,f,y,f,f,f,c,b,h,e,b,k,k,p,n,p,w,o,l,h,y,g
1212,e,f,y,g,t,n,f,c,b,u,t,b,s,s,w,p,p,w,o,p,k,v,d
1213,p,x,y,g,f,f,f,c,b,h,e,b,k,k,p,p,p,w,o,l,h,v,p
1214,p,x,f,y,f,n,f,c,n,w,e,?,k,y,w,y,p,w,o,e,w,v,d
1215,e,f,f,e,t,n,f,c,b,w,t,b,s,s,g,g,p,w,o,p,k,y,d
1216,p,x,s,w,t,p,f,c,n,w,e,e,s,s,w,w,p,w,o,p,n,v,u
1217,e,x,f,g,t,n,f,c,b,w,t,b,s,s,g,g,p,w,o,p,n,v,d
1218,p,f,s,e,f,s,f,c,n,b,t,?,s,s,w,w,p,w,o,e,w,v,d
1219,e,f,y,e,t,n,f,c,b,u,t,b,s,s,p,w,p,w,o,p,k,y,d
1220,p,x,f,g,f,f,f,c,b,h,e,b,k,k,b,n,p,w,o,l,h,v,p
1221,e,f,f,g,f,n,f,c,n,k,e,e,s,s,w,w,p,w,o,p,n,y,u
1222,e,f,y,g,t,n,f,c,b,w,t,b,s,s,w,w,p,w,o,p,n,v,d
1223,e,b,s,w,t,l,f,c,b,k,e,c,s,s,w,w,p,w,o,p,n,s,g
1224,e,f,y,n,t,n,f,c,b,p,t,b,s,s,w,g,p,w,o,p,n,v,d
1225,p,f,s,n,f,s,f,c,n,b,t,?,s,s,p,w,p,w,o,e,w,v,d
1226,p,x,s,n,f,f,f,c,n,b,t,?,s,s,p,p,p,w,o,e,w,v,d
1227,p,f,y,n,f,n,f,c,n,w,e,?,k,y,w,n,p,w,o,e,w,v,d
1228,e,x,s,n,f,n,f,w,b,n,t,e,f,s,w,w,p,w,o,e,k,s,g
1229,e,f,y,n,t,l,f,c,b,p,e,r,s,y,w,w,p,w,o,p,k,y,p
1230,p,k,s,e,f,s,f,c,n,b,t,?,k,s,p,p,p,w,o,e,w,v,l
1231,e,x,f,n,f,n,f,w,b,n,t,e,s,f,w,w,p,w,o,e,k,a,g
1232,p,f,f,g,f,f,f,c,b,g,e,b,k,k,b,p,p,w,o,l,h,v,d
1233,e,x,y,g,t,n,f,c,b,w,t,b,s,s,g,g,p,w,o,p,k,v,d
1234,e,x,f,g,t,n,f,c,b,u,t,b,s,s,g,g,p,w,o,p,k,y,d
1235,e,x,y,g,t,n,f,c,b,u,t,b,s,s,p,w,p,w,o,p,n,y,d
1236,p,x,f,w,f,c,f,w,n,p,e,b,s,s,w,w,p,w,o,p,n,v,d
1237,p,f,y,g,f,f,f,c,b,p,e,b,k,k,p,p,p,w,o,l,h,v,d
1238,p,x,y,y,f,f,f,c,b,g,e,b,k,k,n,b,p,w,o,l,h,y,d
1239,e,b,s,n,f,n,a,c,b,o,e,?,s,s,o,o,p,n,o,p,n,c,l
1240,p,f,f,y,f,f,f,c,b,p,e,b,k,k,p,p,p,w,o,l,h,v,g
1241,e,x,f,n,t,n,f,c,b,p,t,b,s,s,w,w,p,w,o,p,n,y,d
1242,e,x,f,e,t,n,f,c,b,w,t,b,s,s,g,g,p,w,o,p,n,v,d
1243,p,f,y,n,f,y,f,c,n,b,t,?,k,s,p,w,p,w,o,e,w,v,p
1244,p,f,y,n,f,s,f,c,n,b,t,?,s,k,w,p,p,w,o,e,w,v,p
1245,e,x,s,w,t,a,f,c,b,n,e,c,s,s,w,w,p,w,o,p,n,n,g
1246,p,k,s,n,f,f,f,c,n,b,t,?,k,k,w,w,p,w,o,e,w,v,d
1247,p,x,y,y,f,f,f,c,b,h,e,b,k,k,p,n,p,w,o,l,h,v,g
1248,e,x,f,e,t,n,f,c,b,p,t,b,s,s,w,p,p,w,o,p,n,y,d
1249,p,f,s,n,f,s,f,c,n,b,t,?,s,s,p,p,p,w,o,e,w,v,d
1250,e,f,y,e,t,n,f,c,b,w,t,b,s,s,w,w,p,w,o,p,n,v,d
1251,p,x,s,e,f,s,f,c,n,b,t,?,k,k,p,p,p,w,o,e,w,v,l
1252,e,f,f,w,t,l,f,w,n,n,t,b,s,s,w,w,p,w,o,p,n,v,d
1253,p,f,y,e,f,f,f,c,n,b,t,?,s,k,w,w,p,w,o,e,w,v,d
1254,e,f,f,n,f,n,f,w,b,k,t,e,f,s,w,w,p,w,o,e,k,a,g
1255,p,k,y,n,f,y,f,c,n,b,t,?,k,k,p,p,p,w,o,e,w,v,d
1256,e,b,s,n,f,n,a,c,b,n,e,?,s,s,o,o,p,o,o,p,y,v,l
1257,e,f,f,w,f,n,f,w,b,n,t,e,s,s,w,w,p,w,o,e,k,a,g
1258,e,x,y,g,t,n,f,c,b,n,t,b,s,s,p,g,p,w,o,p,n,v,d
1259,p,x,f,g,f,f,f,c,b,g,e,b,k,k,b,b,p,w,o,l,h,y,g
1260,e,x,f,n,f,n,f,w,b,k,t,e,s,f,w,w,p,w,o,e,n,a,g
1261,e,f,y,n,t,n,f,c,b,p,t,b,s,s,w,w,p,w,o,p,n,v,d
1262,p,f,s,e,f,y,f,c,n,b,t,?,k,k,p,w,p,w,o,e,w,v,p
1263,p,f,y,n,f,y,f,c,n,b,t,?,k,s,p,p,p,w,o,e,w,v,l
1264,e,x,f,n,t,n,f,c,b,p,t,b,s,s,w,p,p,w,o,p,k,y,d
1265,e,x,s,n,f,n,f,w,b,p,t,e,f,f,w,w,p,w,o,e,k,a,g
1266,e,x,y,y,t,l,f,c,b,k,e,c,s,s,w,w,p,w,o,p,k,s,m
1267,p,x,s,n,f,f,f,c,n,b,t,?,s,s,p,w,p,w,o,e,w,v,p
1268,p,x,f,g,f,f,f,c,b,h,e,b,k,k,b,n,p,w,o,l,h,v,d
1269,e,x,y,e,t,n,f,c,b,u,t,b,s,s,p,p,p,w,o,p,n,v,d
1270,e,f,s,g,f,n,f,w,b,k,t,e,s,f,w,w,p,w,o,e,n,a,g
1271,e,x,f,g,t,n,f,c,b,w,t,b,s,s,g,p,p,w,o,p,n,v,d
1272,p,x,y,y,f,f,f,c,b,g,e,b,k,k,n,n,p,w,o,l,h,y,g
1273,p,k,s,e,f,s,f,c,n,b,t,?,s,k,w,p,p,w,o,e,w,v,d
1274,p,x,s,n,f,y,f,c,n,b,t,?,s,s,p,w,p,w,o,e,w,v,p
1275,e,f,y,n,t,n,f,c,b,u,t,b,s,s,g,w,p,w,o,p,k,v,d
1276,e,f,s,n,f,n,a,c,b,o,e,?,s,s,o,o,p,o,o,p,y,v,l
1277,p,x,s,n,f,s,f,c,n,b,t,?,s,k,w,p,p,w,o,e,w,v,d
1278,e,f,y,e,t,n,f,c,b,w,t,b,s,s,w,w,p,w,o,p,k,v,d
1279,e,x,f,n,t,n,f,c,b,u,t,b,s,s,g,p,p,w,o,p,n,v,d
1280,e,f,y,e,t,n,f,c,b,p,t,b,s,s,g,p,p,w,o,p,k,y,d
1281,p,x,s,e,f,s,f,c,n,b,t,?,s,s,w,w,p,w,o,e,w,v,d
1282,p,x,y,g,f,f,f,c,b,g,e,b,k,k,n,n,p,w,o,l,h,v,g
1283,e,x,y,e,t,n,f,c,b,w,t,b,s,s,g,g,p,w,o,p,n,y,d
1284,e,x,y,w,t,a,f,c,b,w,e,c,s,s,w,w,p,w,o,p,n,n,m
1285,e,b,y,w,t,a,f,c,b,k,e,c,s,s,w,w,p,w,o,p,n,n,g
1286,p,x,s,g,t,f,f,c,b,w,t,b,s,s,w,w,p,w,o,p,h,s,u
1287,e,f,s,w,f,n,f,w,b,n,t,e,s,s,w,w,p,w,o,e,n,a,g
1288,p,f,y,e,f,f,f,c,n,b,t,?,k,s,p,w,p,w,o,e,w,v,d
1289,p,k,y,e,f,s,f,c,n,b,t,?,k,s,w,p,p,w,o,e,w,v,l
1290,e,k,y,p,t,n,f,c,b,e,e,?,s,s,e,w,p,w,t,e,w,c,w
1291,e,f,y,g,t,n,f,c,b,w,e,b,s,s,w,w,p,w,t,p,w,y,p
1292,e,b,y,w,t,a,f,c,b,k,e,c,s,s,w,w,p,w,o,p,k,s,g
1293,p,f,y,y,f,f,f,c,b,h,e,b,k,k,p,p,p,w,o,l,h,v,d
1294,e,x,f,n,f,n,f,w,b,p,t,e,s,f,w,w,p,w,o,e,n,a,g
1295,e,f,y,y,t,a,f,c,b,p,e,r,s,y,w,w,p,w,o,p,k,s,g
1296,p,x,s,e,f,y,f,c,n,b,t,?,s,s,p,w,p,w,o,e,w,v,d
1297,e,f,y,e,t,n,f,c,b,w,t,b,s,s,g,g,p,w,o,p,k,y,d
1298,p,x,s,g,t,f,f,c,b,h,t,b,s,s,w,w,p,w,o,p,h,v,g
1299,p,x,y,y,f,f,f,c,b,h,e,b,k,k,p,n,p,w,o,l,h,v,d
1300,p,f,y,n,t,p,f,c,n,w,e,e,s,s,w,w,p,w,o,p,k,s,u
1301,e,f,y,u,f,n,f,c,n,w,e,?,s,f,w,w,p,w,o,f,h,y,d
1302,e,x,f,y,t,a,f,w,n,n,t,b,s,s,w,w,p,w,o,p,u,v,d
1303,p,f,f,g,f,f,f,c,b,p,e,b,k,k,b,b,p,w,o,l,h,y,g
1304,p,f,y,y,f,f,f,c,b,p,e,b,k,k,p,n,p,w,o,l,h,y,d
1305,p,f,y,e,f,f,f,c,n,b,t,?,s,s,p,w,p,w,o,e,w,v,p
1306,p,f,y,e,f,s,f,c,n,b,t,?,s,k,p,w,p,w,o,e,w,v,d
1307,e,f,y,e,t,n,f,c,b,p,t,b,s,s,g,p,p,w,o,p,n,v,d
1308,e,x,s,n,f,n,a,c,b,n,e,?,s,s,o,o,p,n,o,p,n,v,l
1309,e,b,s,w,t,a,f,c,b,k,e,c,s,s,w,w,p,w,o,p,k,n,g
1310,e,f,f,n,f,n,f,c,n,p,e,e,s,s,w,w,p,w,o,p,k,v,u
1311,e,f,y,n,t,a,f,c,b,n,e,r,s,y,w,w,p,w,o,p,n,s,p
1312,p,f,s,e,f,y,f,c,n,b,t,?,k,k,w,w,p,w,o,e,w,v,d
1313,e,x,s,y,t,l,f,c,b,k,e,c,s,s,w,w,p,w,o,p,n,s,g
1314,p,x,y,g,f,f,f,c,b,p,e,b,k,k,b,b,p,w,o,l,h,y,g
1315,e,x,f,e,t,n,f,c,b,p,t,b,s,s,w,g,p,w,o,p,k,y,d
1316,e,x,y,e,t,n,f,c,b,u,t,b,s,s,p,g,p,w,o,p,n,y,d
1317,p,k,y,n,f,f,f,c,n,b,t,?,s,k,w,w,p,w,o,e,w,v,p
1318,e,k,f,g,f,n,f,w,b,w,e,?,k,k,w,w,p,w,t,p,w,s,g
1319,p,x,y,e,f,s,f,c,n,b,t,?,s,s,p,p,p,w,o,e,w,v,d
1320,p,f,y,g,f,f,f,c,b,p,e,b,k,k,n,b,p,w,o,l,h,v,p
1321,p,f,y,y,f,f,f,c,b,p,e,b,k,k,n,b,p,w,o,l,h,v,p
1322,e,x,y,w,t,l,f,c,b,g,e,c,s,s,w,w,p,w,o,p,k,n,m
1323,p,x,f,w,f,c,f,c,n,p,e,b,s,s,w,w,p,w,o,p,k,s,d
1324,p,k,y,e,f,f,f,c,n,b,t,?,k,k,w,p,p,w,o,e,w,v,l
1325,p,x,y,g,f,f,f,c,b,h,e,b,k,k,p,p,p,w,o,l,h,y,d
1326,e,f,s,g,f,n,f,w,b,p,t,e,s,f,w,w,p,w,o,e,k,s,g
1327,p,f,y,y,f,f,f,c,b,h,e,b,k,k,n,p,p,w,o,l,h,v,d
1328,e,x,s,g,f,n,f,w,b,w,e,?,k,s,w,w,p,w,t,p,w,n,g
1329,p,f,s,e,f,f,f,c,n,b,t,?,s,k,p,p,p,w,o,e,w,v,d
1330,p,f,y,y,f,f,f,c,b,p,e,b,k,k,n,n,p,w,o,l,h,y,d
1331,p,f,y,n,f,s,f,c,n,b,t,?,s,s,w,p,p,w,o,e,w,v,p
1332,e,f,y,n,t,n,f,c,b,e,e,?,s,s,e,e,p,w,t,e,w,c,w
1333,p,x,y,g,f,f,f,c,b,g,e,b,k,k,b,n,p,w,o,l,h,v,p
1334,e,f,f,n,t,n,f,c,b,w,t,b,s,s,p,g,p,w,o,p,n,v,d
1335,e,x,y,n,t,n,f,c,b,n,t,b,s,s,w,p,p,w,o,p,n,v,d
1336,p,x,y,n,f,y,f,c,n,b,t,?,s,s,w,w,p,w,o,e,w,v,l
1337,e,f,y,g,t,n,f,c,b,u,t,b,s,s,w,w,p,w,o,p,n,v,d
1338,e,x,y,y,t,l,f,c,b,p,e,r,s,y,w,w,p,w,o,p,n,s,g
1339,p,x,s,n,f,f,f,c,n,b,t,?,k,k,w,p,p,w,o,e,w,v,p
1340,p,k,s,n,f,f,f,c,n,b,t,?,s,s,p,w,p,w,o,e,w,v,p
1341,p,f,s,n,f,y,f,c,n,b,t,?,k,s,p,p,p,w,o,e,w,v,l
1342,p,f,y,y,f,f,f,c,b,p,e,b,k,k,n,p,p,w,o,l,h,y,d
1343,e,s,f,g,f,n,f,c,n,n,e,e,s,s,w,w,p,w,o,p,k,v,u
1344,p,k,y,n,f,s,f,c,n,b,t,?,s,k,p,w,p,w,o,e,w,v,d
1345,p,f,y,n,f,y,f,c,n,b,t,?,k,k,p,p,p,w,o,e,w,v,p
1346,e,b,s,g,f,n,f,w,b,w,e,?,s,s,w,w,p,w,t,p,w,s,g
1347,e,x,y,e,t,n,f,c,b,n,t,b,s,s,g,g,p,w,o,p,k,v,d
1348,p,x,y,w,t,p,f,c,n,w,e,e,s,s,w,w,p,w,o,p,k,v,g
1349,e,f,y,g,t,n,f,c,b,n,t,b,s,s,p,w,p,w,o,p,n,y,d
1350,e,f,f,n,t,n,f,c,b,p,t,b,s,s,p,g,p,w,o,p,n,v,d
1351,e,x,f,n,t,n,f,c,b,u,t,b,s,s,w,w,p,w,o,p,k,y,d
1352,e,b,s,y,t,l,f,c,b,g,e,c,s,s,w,w,p,w,o,p,n,s,m
1353,e,f,s,n,f,n,f,w,b,p,t,e,s,f,w,w,p,w,o,e,k,s,g
1354,e,f,f,g,t,n,f,c,b,u,t,b,s,s,w,p,p,w,o,p,k,v,d
1355,e,f,f,g,f,n,f,c,n,n,e,e,s,s,w,w,p,w,o,p,k,v,u
1356,e,f,f,e,t,n,f,c,b,u,t,b,s,s,p,g,p,w,o,p,n,y,d
1357,p,x,y,e,f,s,f,c,n,b,t,?,s,s,w,p,p,w,o,e,w,v,l
1358,e,x,f,e,t,n,f,c,b,u,t,b,s,s,p,w,p,w,o,p,n,v,d
1359,p,x,y,g,f,f,f,c,b,g,e,b,k,k,n,n,p,w,o,l,h,y,g
1360,p,x,y,g,f,f,f,c,b,h,e,b,k,k,b,n,p,w,o,l,h,y,d
1361,e,x,s,g,f,n,f,w,b,p,e,?,s,s,w,w,p,w,t,p,w,s,g
1362,e,x,f,n,t,n,f,c,b,p,t,b,s,s,w,g,p,w,o,p,k,y,d
1363,e,f,y,y,t,l,f,c,b,w,e,r,s,y,w,w,p,w,o,p,n,y,p
1364,p,x,y,e,f,y,f,c,n,b,t,?,s,k,w,w,p,w,o,e,w,v,d
1365,e,f,f,n,f,n,f,w,b,p,t,e,f,f,w,w,p,w,o,e,k,s,g
1366,p,x,y,n,f,y,f,c,n,b,t,?,s,s,w,p,p,w,o,e,w,v,l
1367,p,x,y,g,f,f,f,c,b,p,e,b,k,k,b,p,p,w,o,l,h,y,p
1368,e,x,y,g,t,n,f,c,b,p,t,b,s,s,p,w,p,w,o,p,n,y,d
1369,p,x,y,g,f,f,f,c,b,h,e,b,k,k,b,b,p,w,o,l,h,y,g
1370,p,x,s,e,f,y,f,c,n,b,t,?,s,k,p,p,p,w,o,e,w,v,d
1371,e,x,f,n,t,n,f,c,b,n,t,b,s,s,g,w,p,w,o,p,n,y,d
1372,e,f,f,n,t,n,f,c,b,n,t,b,s,s,w,w,p,w,o,p,n,v,d
1373,e,x,f,g,f,n,f,c,n,k,e,e,s,s,w,w,p,w,o,p,n,y,u
1374,p,f,s,n,f,y,f,c,n,b,t,?,s,s,w,w,p,w,o,e,w,v,l
1375,p,f,s,e,f,y,f,c,n,b,t,?,s,s,w,p,p,w,o,e,w,v,d
1376,e,f,y,n,t,l,f,c,b,w,e,r,s,y,w,w,p,w,o,p,k,s,g
1377,e,b,y,y,t,a,f,c,b,w,e,c,s,s,w,w,p,w,o,p,k,s,m
1378,p,f,y,n,f,s,f,c,n,b,t,?,k,s,w,p,p,w,o,e,w,v,p
1379,p,x,s,w,t,f,f,c,b,w,t,b,s,f,w,w,p,w,o,p,h,s,u
1380,p,x,f,g,f,f,f,c,b,p,e,b,k,k,p,p,p,w,o,l,h,v,g
1381,e,x,f,w,f,n,f,w,b,h,t,e,s,f,w,w,p,w,o,e,k,s,g
1382,e,f,s,g,f,n,f,w,b,h,t,e,s,s,w,w,p,w,o,e,n,s,g
1383,e,f,y,e,t,n,f,c,b,w,t,b,s,s,p,w,p,w,o,p,n,v,d
1384,p,x,y,g,f,f,f,c,b,h,e,b,k,k,p,p,p,w,o,l,h,y,g
1385,p,x,y,y,f,f,f,c,b,h,e,b,k,k,p,b,p,w,o,l,h,y,p
1386,p,k,s,e,f,f,f,c,n,b,t,?,k,k,w,p,p,w,o,e,w,v,d
1387,e,x,f,g,t,n,f,c,b,u,t,b,s,s,g,g,p,w,o,p,k,v,d
1388,p,f,s,e,f,s,f,c,n,b,t,?,k,s,w,w,p,w,o,e,w,v,d
1389,e,f,f,n,f,n,f,c,n,g,e,e,s,s,w,w,p,w,o,p,k,y,u
1390,p,x,y,g,f,f,f,c,b,g,e,b,k,k,p,p,p,w,o,l,h,y,d
1391,e,f,s,n,f,n,f,w,b,k,t,e,s,s,w,w,p,w,o,e,n,s,g
1392,p,f,y,y,f,f,f,c,b,p,e,b,k,k,p,b,p,w,o,l,h,y,d
1393,e,f,f,n,f,n,f,w,b,k,t,e,s,s,w,w,p,w,o,e,n,s,g
1394,e,b,s,y,t,l,f,c,b,n,e,c,s,s,w,w,p,w,o,p,n,n,g
1395,p,f,y,e,f,y,f,c,n,b,t,?,s,k,w,w,p,w,o,e,w,v,l
1396,p,f,y,e,f,f,f,c,n,b,t,?,k,k,w,w,p,w,o,e,w,v,p
1397,p,f,s,n,f,s,f,c,n,b,t,?,s,k,p,p,p,w,o,e,w,v,l
1398,p,f,y,n,f,y,f,c,n,b,t,?,k,k,p,w,p,w,o,e,w,v,d
1399,p,k,y,n,f,f,f,c,n,b,t,?,k,s,w,w,p,w,o,e,w,v,l
1400,p,x,s,g,f,c,f,c,n,p,e,b,s,s,w,w,p,w,o,p,n,v,d
1401,p,f,y,w,t,p,f,c,n,w,e,e,s,s,w,w,p,w,o,p,k,v,g
1402,p,x,y,n,f,s,f,c,n,b,t,?,k,s,w,p,p,w,o,e,w,v,d
1403,e,f,f,n,t,n,f,c,b,w,t,b,s,s,w,p,p,w,o,p,k,v,d
1404,p,f,y,n,f,s,f,c,n,b,t,?,k,s,p,w,p,w,o,e,w,v,l
1405,p,x,s,e,f,y,f,c,n,b,t,?,k,s,p,p,p,w,o,e,w,v,l
1406,e,f,s,w,t,a,f,w,n,w,t,b,s,s,w,w,p,w,o,p,n,v,d
1407,e,f,f,e,t,n,f,c,b,w,t,b,s,s,g,p,p,w,o,p,n,v,d
1408,p,x,f,g,f,c,f,c,n,u,e,b,s,s,w,w,p,w,o,p,n,v,d
1409,p,f,y,g,f,f,f,c,b,p,e,b,k,k,n,n,p,w,o,l,h,v,g
1410,e,x,f,g,f,n,f,w,b,h,t,e,f,s,w,w,p,w,o,e,n,a,g
1411,e,f,y,n,t,l,f,c,b,p,e,r,s,y,w,w,p,w,o,p,k,s,p
1412,p,x,f,w,f,c,f,w,n,u,e,b,s,s,w,w,p,w,o,p,n,v,d
1413,p,f,s,w,t,p,f,c,n,n,e,e,s,s,w,w,p,w,o,p,k,s,g
1414,e,x,f,n,t,n,f,c,b,u,t,b,s,s,w,p,p,w,o,p,n,y,d
1415,p,k,s,n,f,f,f,c,n,b,t,?,s,s,w,w,p,w,o,e,w,v,p
1416,e,f,s,n,f,n,f,w,b,k,t,e,s,f,w,w,p,w,o,e,k,s,g
1417,e,b,s,g,f,n,f,w,b,w,e,?,k,k,w,w,p,w,t,p,w,s,g
1418,e,b,y,y,t,l,f,c,b,g,e,c,s,s,w,w,p,w,o,p,n,n,g
1419,p,k,s,n,f,y,f,c,n,b,t,?,k,k,p,p,p,w,o,e,w,v,l
1420,e,x,y,g,t,n,f,c,b,u,t,b,s,s,g,w,p,w,o,p,k,v,d
1421,e,f,y,y,t,l,f,c,b,p,e,r,s,y,w,w,p,w,o,p,n,s,p
1422,e,k,f,w,f,n,f,w,b,g,e,?,k,s,w,w,p,w,t,p,w,s,g
1423,p,f,s,n,f,s,f,c,n,b,t,?,k,k,p,w,p,w,o,e,w,v,l
1424,e,x,y,y,t,a,f,c,b,w,e,r,s,y,w,w,p,w,o,p,n,y,p
1425,p,x,y,y,f,f,f,c,b,p,e,b,k,k,p,n,p,w,o,l,h,v,p
1426,p,f,f,y,f,f,f,c,b,h,e,b,k,k,b,n,p,w,o,l,h,v,g
1427,e,b,f,w,f,n,f,w,b,p,e,?,k,k,w,w,p,w,t,p,w,s,g
1428,e,f,f,g,f,n,f,w,b,h,t,e,f,s,w,w,p,w,o,e,n,a,g
1429,p,f,y,w,t,n,f,c,b,r,e,b,s,s,w,w,p,w,t,p,r,v,g
1430,e,x,f,w,f,n,f,w,b,w,e,?,k,k,w,w,p,w,t,p,w,n,g
1431,e,x,s,n,f,n,f,w,b,h,t,e,s,f,w,w,p,w,o,e,k,s,g
1432,e,x,y,e,t,n,f,c,b,n,t,b,s,s,p,w,p,w,o,p,k,v,d
1433,e,x,y,e,t,n,f,c,b,n,t,b,s,s,p,w,p,w,o,p,n,y,d
1434,e,x,f,w,f,n,f,w,b,k,t,e,f,s,w,w,p,w,o,e,n,a,g
1435,e,x,y,n,t,n,f,c,b,u,t,b,s,s,p,g,p,w,o,p,k,y,d
1436,e,x,s,w,t,a,f,c,b,g,e,c,s,s,w,w,p,w,o,p,n,s,g
1437,e,f,f,e,t,n,f,c,b,p,t,b,s,s,g,w,p,w,o,p,k,y,d
1438,p,f,y,y,f,f,f,c,b,g,e,b,k,k,b,b,p,w,o,l,h,y,d
1439,p,x,s,e,f,y,f,c,n,b,t,?,k,k,w,w,p,w,o,e,w,v,d
1440,e,k,f,w,f,n,f,w,b,g,e,?,s,s,w,w,p,w,t,p,w,s,g
1441,e,f,f,e,t,n,f,c,b,w,t,b,s,s,g,w,p,w,o,p,k,y,d
1442,p,x,s,w,t,f,f,c,b,p,t,b,s,f,w,w,p,w,o,p,h,v,g
1443,p,f,y,n,f,f,f,c,n,b,t,?,k,k,p,p,p,w,o,e,w,v,d
1444,e,f,y,e,t,n,f,c,b,n,t,b,s,s,p,w,p,w,o,p,n,y,d
1445,e,x,s,w,f,n,f,w,b,n,t,e,s,f,w,w,p,w,o,e,n,a,g
1446,p,k,s,e,f,y,f,c,n,b,t,?,k,k,p,p,p,w,o,e,w,v,p
1447,e,f,f,e,t,n,f,c,b,p,t,b,s,s,p,w,p,w,o,p,n,y,d
1448,p,k,y,e,f,f,f,c,n,b,t,?,k,s,p,p,p,w,o,e,w,v,p
1449,p,x,y,e,f,s,f,c,n,b,t,?,s,s,p,w,p,w,o,e,w,v,l
1450,p,x,s,n,t,p,f,c,n,p,e,e,s,s,w,w,p,w,o,p,n,v,g
1451,p,f,y,e,f,s,f,c,n,b,t,?,s,k,w,w,p,w,o,e,w,v,l
1452,p,f,s,n,f,f,f,c,n,b,t,?,k,k,p,w,p,w,o,e,w,v,p
1453,e,f,f,g,f,n,f,w,b,h,t,e,s,s,w,w,p,w,o,e,n,a,g
1454,p,x,f,g,f,f,f,c,b,p,e,b,k,k,n,b,p,w,o,l,h,y,d
1455,e,x,y,e,t,n,f,c,b,u,t,b,s,s,w,p,p,w,o,p,n,v,d
1456,p,x,y,y,f,f,f,c,b,p,e,b,k,k,b,b,p,w,o,l,h,v,d
1457,p,x,y,n,t,p,f,c,n,w,e,e,s,s,w,w,p,w,o,p,n,s,u
1458,e,f,f,n,f,n,f,w,b,h,t,e,s,s,w,w,p,w,o,e,k,a,g
1459,p,x,y,g,f,f,f,c,b,g,e,b,k,k,n,n,p,w,o,l,h,y,d
1460,p,x,y,n,f,y,f,c,n,b,t,?,s,s,p,p,p,w,o,e,w,v,p
1461,p,f,y,p,t,n,f,c,b,w,e,b,s,s,w,w,p,w,t,p,r,v,m
1462,p,x,s,n,f,s,f,c,n,b,t,?,k,s,p,p,p,w,o,e,w,v,l
1463,p,x,s,w,t,p,f,c,n,w,e,e,s,s,w,w,p,w,o,p,k,v,g
1464,e,x,y,n,t,n,f,c,b,n,t,b,s,s,w,w,p,w,o,p,n,y,d
1465,p,f,s,e,f,s,f,c,n,b,t,?,s,k,p,p,p,w,o,e,w,v,p
1466,p,x,s,n,f,f,f,c,n,b,t,?,k,s,w,p,p,w,o,e,w,v,l
1467,p,f,f,g,f,f,f,c,b,g,e,b,k,k,b,b,p,w,o,l,h,y,p
1468,p,x,s,n,f,y,f,c,n,b,t,?,s,k,w,w,p,w,o,e,w,v,d
1469,p,x,f,y,f,f,f,c,b,g,e,b,k,k,b,p,p,w,o,l,h,y,d
1470,p,x,s,g,t,f,f,c,b,p,t,b,s,f,w,w,p,w,o,p,h,s,g
1471,e,f,y,e,t,n,f,c,b,u,t,b,s,s,g,w,p,w,o,p,n,y,d
1472,p,f,y,g,f,f,f,c,b,g,e,b,k,k,b,n,p,w,o,l,h,y,g
1473,p,x,y,g,f,f,f,c,b,g,e,b,k,k,p,b,p,w,o,l,h,v,g
1474,e,b,s,w,t,a,f,c,b,w,e,c,s,s,w,w,p,w,o,p,k,n,m
1475,p,f,f,y,f,f,f,c,b,h,e,b,k,k,p,p,p,w,o,l,h,v,g
1476,p,x,s,g,t,f,f,c,b,p,t,b,f,s,w,w,p,w,o,p,h,s,u
1477,p,f,s,b,t,f,f,c,b,h,t,b,s,f,w,w,p,w,o,p,h,v,u
1478,p,x,f,w,f,c,f,w,n,n,e,b,s,s,w,w,p,w,o,p,n,s,d
1479,p,f,s,g,t,f,f,c,b,w,t,b,s,f,w,w,p,w,o,p,h,s,g
1480,e,x,f,n,t,n,f,c,b,p,t,b,s,s,g,p,p,w,o,p,n,v,d
1481,p,x,y,g,f,f,f,c,b,p,e,b,k,k,n,b,p,w,o,l,h,y,g
1482,p,f,f,y,f,f,f,c,b,p,e,b,k,k,p,n,p,w,o,l,h,v,g
1483,p,x,y,e,f,s,f,c,n,b,t,?,k,s,p,p,p,w,o,e,w,v,d
1484,p,k,s,n,f,s,f,c,n,b,t,?,k,k,w,w,p,w,o,e,w,v,d
1485,e,f,y,e,t,n,f,c,b,p,t,b,s,s,p,w,p,w,o,p,k,v,d
1486,e,b,y,y,t,a,f,c,b,g,e,c,s,s,w,w,p,w,o,p,n,n,m
1487,p,x,s,w,t,f,f,c,b,p,t,b,s,s,w,w,p,w,o,p,h,s,u
1488,e,b,f,w,f,n,f,w,b,p,e,?,s,k,w,w,p,w,t,p,w,n,g
1489,e,x,y,e,t,n,f,c,b,u,t,b,s,s,w,w,p,w,o,p,k,y,d
1490,e,k,s,n,f,n,a,c,b,y,e,?,s,s,o,o,p,n,o,p,b,c,l
1491,e,x,f,n,t,n,f,c,b,p,t,b,s,s,p,g,p,w,o,p,n,y,d
1492,e,x,f,y,t,a,f,w,n,n,t,b,s,s,w,w,p,w,o,p,n,v,d
1493,p,k,y,y,f,n,f,c,n,w,e,?,k,y,w,y,p,w,o,e,w,v,d
1494,p,f,s,w,t,f,f,c,b,w,t,b,s,s,w,w,p,w,o,p,h,v,u
1495,e,x,f,w,f,n,f,w,b,k,t,e,s,f,w,w,p,w,o,e,k,s,g
1496,e,x,f,g,f,n,f,w,b,k,t,e,f,s,w,w,p,w,o,e,n,a,g
1497,p,f,y,n,f,s,f,c,n,b,t,?,k,k,p,w,p,w,o,e,w,v,d
1498,e,f,y,n,t,n,f,c,b,w,t,b,s,s,w,p,p,w,o,p,k,v,d
1499,e,f,s,w,f,n,f,w,b,h,t,e,s,s,w,w,p,w,o,e,k,s,g
1500,e,x,s,n,f,n,f,w,b,n,t,e,s,s,w,w,p,w,o,e,n,s,g
1501,e,x,s,y,t,l,f,w,n,p,t,b,s,s,w,w,p,w,o,p,n,v,d
1502,e,x,f,w,f,n,f,w,b,h,t,e,f,f,w,w,p,w,o,e,k,s,g
1503,e,x,f,w,f,n,f,w,b,g,e,?,s,s,w,w,p,w,t,p,w,s,g
1504,e,f,y,e,t,n,f,c,b,w,t,b,s,s,p,g,p,w,o,p,k,v,d
1505,e,x,f,n,t,n,f,c,b,p,t,b,s,s,w,g,p,w,o,p,k,v,d
1506,e,x,f,g,f,n,f,w,b,h,t,e,s,f,w,w,p,w,o,e,k,s,g
1507,e,f,f,n,t,n,f,c,b,u,t,b,s,s,w,p,p,w,o,p,k,y,d
1508,p,f,y,y,f,f,f,c,b,h,e,b,k,k,p,p,p,w,o,l,h,y,p
1509,e,k,f,g,f,n,f,w,b,w,e,?,k,s,w,w,p,w,t,p,w,s,g
1510,p,x,y,w,t,p,f,c,n,k,e,e,s,s,w,w,p,w,o,p,n,v,g
1511,e,x,y,r,f,n,f,c,n,h,e,?,s,f,w,w,p,w,o,f,h,y,d
1512,p,f,f,g,f,f,f,c,b,h,e,b,k,k,n,p,p,w,o,l,h,y,d
1513,p,x,y,n,f,f,f,c,n,b,t,?,k,s,p,p,p,w,o,e,w,v,d
1514,p,x,s,w,f,c,f,w,n,p,e,b,s,s,w,w,p,w,o,p,n,s,d
1515,e,f,y,n,t,n,f,c,b,w,t,b,s,s,w,g,p,w,o,p,n,v,d
1516,e,b,f,w,f,n,f,w,b,w,e,?,k,s,w,w,p,w,t,p,w,s,g
1517,e,b,y,y,t,a,f,c,b,n,e,c,s,s,w,w,p,w,o,p,n,s,m
1518,p,f,y,g,f,f,f,c,b,g,e,b,k,k,b,p,p,w,o,l,h,v,p
1519,e,x,s,w,f,n,f,w,b,n,t,e,s,s,w,w,p,w,o,e,n,a,g
1520,p,x,y,w,t,p,f,c,n,n,e,e,s,s,w,w,p,w,o,p,n,v,g
1521,p,f,y,g,f,f,f,c,b,g,e,b,k,k,b,b,p,w,o,l,h,v,d
1522,p,x,s,p,f,c,f,w,n,p,e,b,s,s,w,w,p,w,o,p,k,v,d
1523,e,x,y,y,t,a,f,c,b,w,e,c,s,s,w,w,p,w,o,p,k,n,m
1524,e,x,y,w,t,l,f,c,b,k,e,c,s,s,w,w,p,w,o,p,n,n,g
1525,p,x,s,n,f,f,f,c,n,b,t,?,k,s,w,p,p,w,o,e,w,v,d
1526,p,x,s,e,f,y,f,c,n,b,t,?,k,s,p,p,p,w,o,e,w,v,d
1527,e,x,f,e,t,n,f,c,b,u,t,b,s,s,w,g,p,w,o,p,k,v,d
1528,e,x,f,e,t,n,f,c,b,u,t,b,s,s,p,g,p,w,o,p,k,v,d
1529,e,x,y,g,t,n,f,c,b,n,t,b,s,s,w,p,p,w,o,p,k,v,d
1530,p,x,s,n,f,s,f,c,n,b,t,?,s,s,p,w,p,w,o,e,w,v,p
1531,p,f,y,w,t,p,f,c,n,n,e,e,s,s,w,w,p,w,o,p,n,s,g
1532,p,x,f,g,f,f,f,c,b,h,e,b,k,k,b,n,p,w,o,l,h,y,d
1533,e,x,y,e,t,n,f,c,b,u,t,b,s,s,g,w,p,w,o,p,k,v,d
1534,e,x,f,g,f,n,f,w,b,n,t,e,s,s,w,w,p,w,o,e,k,a,g
1535,e,x,s,w,f,n,f,w,b,p,t,e,s,s,w,w,p,w,o,e,n,s,g
1536,p,k,y,n,f,s,f,c,n,b,t,?,k,k,w,w,p,w,o,e,w,v,d
1537,p,x,s,g,t,f,f,c,b,w,t,b,f,f,w,w,p,w,o,p,h,v,g
1538,p,k,s,e,f,s,f,c,n,b,t,?,s,k,p,p,p,w,o,e,w,v,p
1539,e,x,f,g,f,n,f,w,b,h,t,e,s,f,w,w,p,w,o,e,k,a,g
1540,p,x,f,g,f,f,f,c,b,g,e,b,k,k,p,n,p,w,o,l,h,v,p
1541,p,f,y,e,f,f,f,c,n,b,t,?,s,s,p,p,p,w,o,e,w,v,p
1542,e,x,f,g,t,n,f,c,b,n,t,b,s,s,g,w,p,w,o,p,n,v,d
1543,p,f,s,e,f,y,f,c,n,b,t,?,s,k,w,p,p,w,o,e,w,v,p
1544,e,b,s,y,t,l,f,c,b,w,e,c,s,s,w,w,p,w,o,p,k,s,m
1545,p,f,y,g,f,f,f,c,b,p,e,b,k,k,b,n,p,w,o,l,h,v,p
1546,p,x,s,n,t,p,f,c,n,w,e,e,s,s,w,w,p,w,o,p,n,v,u
1547,e,f,f,g,t,n,f,c,b,n,t,b,s,s,w,g,p,w,o,p,n,y,d
1548,p,x,f,y,f,f,f,c,b,p,e,b,k,k,p,b,p,w,o,l,h,y,d
1549,p,x,y,g,f,f,f,c,b,h,e,b,k,k,p,b,p,w,o,l,h,y,d
1550,p,f,s,b,t,f,f,c,b,p,t,b,f,f,w,w,p,w,o,p,h,s,g
1551,p,f,y,y,f,f,f,c,b,h,e,b,k,k,n,b,p,w,o,l,h,y,d
1552,e,f,f,g,t,n,f,c,b,n,t,b,s,s,p,w,p,w,o,p,k,y,d
1553,e,x,y,g,t,n,f,c,b,w,t,b,s,s,p,w,p,w,o,p,n,y,d
1554,e,b,s,y,t,a,f,c,b,g,e,c,s,s,w,w,p,w,o,p,n,n,m
1555,e,x,f,e,t,n,f,c,b,n,t,b,s,s,w,p,p,w,o,p,n,y,d
1556,p,x,s,e,f,s,f,c,n,b,t,?,s,k,w,p,p,w,o,e,w,v,d
1557,p,x,y,n,t,p,f,c,n,n,e,e,s,s,w,w,p,w,o,p,k,s,g
1558,e,f,y,e,t,n,f,c,b,p,t,b,s,s,g,g,p,w,o,p,k,v,d
1559,p,x,y,e,f,y,f,c,n,b,t,?,s,s,w,w,p,w,o,e,w,v,l
1560,p,f,f,y,f,f,f,c,b,h,e,b,k,k,p,b,p,w,o,l,h,y,p
1561,p,f,f,g,f,f,f,c,b,h,e,b,k,k,b,n,p,w,o,l,h,y,g
1562,p,k,s,n,f,s,f,c,n,b,t,?,s,s,w,w,p,w,o,e,w,v,l
1563,p,k,s,n,f,s,f,c,n,b,t,?,k,k,p,w,p,w,o,e,w,v,d
1564,e,x,f,w,f,n,f,w,b,g,e,?,s,k,w,w,p,w,t,p,w,n,g
1565,p,f,s,e,f,s,f,c,n,b,t,?,k,k,w,p,p,w,o,e,w,v,p
1566,p,f,f,y,f,f,f,c,b,g,e,b,k,k,b,n,p,w,o,l,h,y,g
1567,e,f,y,g,t,n,f,c,b,n,t,b,s,s,w,w,p,w,o,p,k,y,d
1568,e,x,s,y,t,l,f,c,b,n,e,c,s,s,w,w,p,w,o,p,n,s,m
1569,p,k,s,e,f,s,f,c,n,b,t,?,s,k,w,p,p,w,o,e,w,v,p
1570,e,x,s,w,f,n,f,w,b,g,e,?,s,k,w,w,p,w,t,p,w,n,g
1571,e,f,s,w,f,n,f,w,b,n,t,e,s,f,w,w,p,w,o,e,k,s,g
1572,e,f,f,n,t,n,f,c,b,n,t,b,s,s,g,g,p,w,o,p,n,v,d
1573,e,f,s,e,t,n,f,c,b,e,e,?,s,s,e,e,p,w,t,e,w,c,w
1574,e,x,s,y,t,l,f,c,b,n,e,c,s,s,w,w,p,w,o,p,k,s,m
1575,p,x,y,w,t,p,f,c,n,k,e,e,s,s,w,w,p,w,o,p,k,v,u
1576,e,x,y,e,t,n,f,c,b,w,t,b,s,s,w,w,p,w,o,p,n,y,d
1577,e,k,s,w,f,n,f,w,b,g,e,?,k,s,w,w,p,w,t,p,w,s,g
1578,p,x,s,e,f,y,f,c,n,b,t,?,k,s,w,w,p,w,o,e,w,v,d
1579,p,f,y,e,f,s,f,c,n,b,t,?,k,k,p,w,p,w,o,e,w,v,l
1580,p,x,s,e,f,s,f,c,n,b,t,?,s,s,p,p,p,w,o,e,w,v,l
1581,e,x,y,g,t,n,f,c,b,u,t,b,s,s,g,g,p,w,o,p,k,v,d
1582,e,f,f,e,t,n,f,c,b,u,t,b,s,s,w,p,p,w,o,p,n,y,d
1583,e,x,s,g,f,n,f,w,b,p,e,?,k,k,w,w,p,w,t,p,w,s,g
1584,p,x,y,e,f,f,f,c,n,b,t,?,k,k,p,w,p,w,o,e,w,v,d
1585,p,f,y,y,f,f,f,c,b,g,e,b,k,k,n,b,p,w,o,l,h,y,g
1586,p,x,y,n,f,y,f,c,n,b,t,?,s,s,p,w,p,w,o,e,w,v,l
1587,p,k,y,e,f,f,f,c,n,b,t,?,s,s,p,p,p,w,o,e,w,v,l
1588,e,b,y,y,t,a,f,c,b,n,e,c,s,s,w,w,p,w,o,p,k,n,m
1589,p,x,y,y,f,f,f,c,b,g,e,b,k,k,n,n,p,w,o,l,h,y,d
1590,p,f,s,e,f,y,f,c,n,b,t,?,s,s,p,w,p,w,o,e,w,v,d
1591,p,k,y,n,f,y,f,c,n,b,t,?,k,k,p,p,p,w,o,e,w,v,p
1592,e,f,y,p,t,n,f,c,b,e,e,?,s,s,e,w,p,w,t,e,w,c,w
1593,e,f,y,n,t,n,f,c,b,w,t,b,s,s,p,w,p,w,o,p,k,y,d
1594,p,x,f,g,f,f,f,c,b,h,e,b,k,k,p,b,p,w,o,l,h,y,g
1595,e,x,f,n,t,n,f,c,b,p,t,b,s,s,g,p,p,w,o,p,n,y,d
1596,p,x,y,g,f,f,f,c,b,g,e,b,k,k,n,p,p,w,o,l,h,y,d
1597,e,f,f,n,f,n,f,c,n,k,e,e,s,s,w,w,p,w,o,p,n,v,u
1598,e,x,y,e,t,n,f,c,b,u,t,b,s,s,w,g,p,w,o,p,n,v,d
1599,e,x,y,e,t,n,f,c,b,n,t,b,s,s,g,w,p,w,o,p,n,v,d
1600,p,f,y,y,f,f,f,c,b,p,e,b,k,k,b,p,p,w,o,l,h,y,p
1601,e,x,s,w,t,a,f,c,b,n,e,c,s,s,w,w,p,w,o,p,k,n,m
1602,p,x,s,e,f,s,f,c,n,b,t,?,k,k,w,p,p,w,o,e,w,v,d
1603,p,x,s,e,f,y,f,c,n,b,t,?,s,k,w,w,p,w,o,e,w,v,l
1604,p,f,y,n,f,f,f,c,n,b,t,?,s,s,w,p,p,w,o,e,w,v,d
1605,e,x,f,n,f,n,f,w,b,h,t,e,f,f,w,w,p,w,o,e,n,a,g
1606,e,x,s,n,f,n,a,c,b,o,e,?,s,s,o,o,p,n,o,p,n,v,l
1607,e,x,y,w,t,a,f,c,b,k,e,c,s,s,w,w,p,w,o,p,n,s,m
1608,p,x,f,p,f,c,f,c,n,g,e,b,s,s,w,w,p,w,o,p,n,v,d
1609,e,b,s,w,f,n,f,w,b,w,e,?,s,k,w,w,p,w,t,p,w,s,g
1610,p,x,y,g,f,f,f,c,b,p,e,b,k,k,b,b,p,w,o,l,h,v,g
1611,p,b,y,b,t,n,f,c,b,w,e,b,s,s,w,w,p,w,t,p,r,v,m
1612,e,b,f,w,f,n,f,w,b,w,e,?,k,k,w,w,p,w,t,p,w,s,g
1613,p,f,s,g,t,f,f,c,b,h,t,b,f,f,w,w,p,w,o,p,h,v,u
1614,p,k,y,n,f,f,f,c,n,b,t,?,s,k,p,w,p,w,o,e,w,v,d
1615,e,b,f,w,f,n,f,w,b,g,e,?,s,s,w,w,p,w,t,p,w,n,g
1616,p,x,s,e,f,s,f,c,n,b,t,?,s,k,p,p,p,w,o,e,w,v,l
1617,p,f,y,y,f,f,f,c,b,h,e,b,k,k,b,p,p,w,o,l,h,v,p
1618,e,x,y,g,t,n,f,c,b,n,t,b,s,s,p,p,p,w,o,p,k,y,d
1619,e,x,f,n,f,n,f,w,b,k,t,e,f,s,w,w,p,w,o,e,k,a,g
1620,p,x,y,n,f,y,f,c,n,b,t,?,k,s,w,p,p,w,o,e,w,v,p
1621,e,f,y,g,t,n,f,c,b,n,t,b,s,s,w,g,p,w,o,p,k,y,d
1622,p,f,s,n,f,f,f,c,n,b,t,?,k,s,w,p,p,w,o,e,w,v,d
1623,e,x,s,g,f,n,f,w,b,n,t,e,s,f,w,w,p,w,o,e,n,a,g
1624,e,f,s,e,t,n,f,c,b,e,e,?,s,s,w,w,p,w,t,e,w,c,w
1625,p,x,s,n,f,s,f,c,n,b,t,?,k,s,w,w,p,w,o,e,w,v,d
1626,p,k,s,e,f,f,f,c,n,b,t,?,k,s,p,p,p,w,o,e,w,v,l
1627,e,f,f,e,t,n,f,c,b,n,t,b,s,s,g,w,p,w,o,p,n,y,d
1628,e,x,f,n,t,n,f,c,b,n,t,b,s,s,g,w,p,w,o,p,k,v,d
1629,e,b,s,w,t,l,f,c,b,w,e,c,s,s,w,w,p,w,o,p,k,s,g
1630,p,f,f,y,f,f,f,c,b,h,e,b,k,k,p,b,p,w,o,l,h,y,g
1631,p,x,s,n,f,y,f,c,n,b,t,?,k,k,w,w,p,w,o,e,w,v,l
1632,e,x,y,n,t,n,f,c,b,w,t,b,s,s,p,g,p,w,o,p,n,v,d
1633,e,x,y,y,t,l,f,c,b,w,e,r,s,y,w,w,p,w,o,p,n,y,g
1634,e,f,y,e,t,n,f,c,b,p,t,b,s,s,g,g,p,w,o,p,n,v,d
1635,p,f,f,g,f,f,f,c,b,h,e,b,k,k,b,n,p,w,o,l,h,v,d
1636,e,k,f,g,f,n,f,w,b,p,e,?,s,k,w,w,p,w,t,p,w,s,g
1637,p,b,y,y,f,n,f,c,n,w,e,?,k,y,w,y,p,w,o,e,w,v,d
1638,e,k,s,n,t,n,f,c,b,w,e,?,s,s,e,w,p,w,t,e,w,c,w
1639,p,f,y,y,f,f,f,c,b,h,e,b,k,k,b,n,p,w,o,l,h,v,g
1640,e,b,s,w,t,a,f,c,b,k,e,c,s,s,w,w,p,w,o,p,n,s,g
1641,e,x,f,e,t,n,f,c,b,n,t,b,s,s,w,g,p,w,o,p,k,y,d
1642,p,x,s,n,f,y,f,c,n,b,t,?,s,k,w,w,p,w,o,e,w,v,p
1643,e,f,f,e,t,n,f,c,b,u,t,b,s,s,g,w,p,w,o,p,k,y,d
1644,p,x,s,e,f,y,f,c,n,b,t,?,k,s,w,p,p,w,o,e,w,v,l
1645,p,f,s,g,t,f,f,c,b,h,t,b,f,f,w,w,p,w,o,p,h,s,u
1646,e,x,y,n,t,n,f,c,b,w,t,b,s,s,p,g,p,w,o,p,k,v,d
1647,e,f,y,n,t,n,f,c,b,w,e,?,s,s,w,w,p,w,t,e,w,c,w
1648,p,x,y,g,f,f,f,c,b,g,e,b,k,k,b,b,p,w,o,l,h,v,p
1649,e,f,y,n,t,a,f,c,b,n,e,r,s,y,w,w,p,w,o,p,k,s,p
1650,e,x,f,g,f,n,f,w,b,h,t,e,s,f,w,w,p,w,o,e,n,a,g
1651,p,x,f,w,f,c,f,c,n,u,e,b,s,s,w,w,p,w,o,p,n,s,d
1652,e,x,f,n,t,n,f,c,b,w,t,b,s,s,w,g,p,w,o,p,n,y,d
1653,p,k,g,w,t,n,f,w,n,w,e,b,s,s,w,w,p,w,o,p,w,c,l
1654,e,x,y,y,t,a,f,c,b,g,e,c,s,s,w,w,p,w,o,p,n,n,m
1655,p,f,f,g,f,f,f,c,b,h,e,b,k,k,n,n,p,w,o,l,h,v,d
1656,p,x,y,n,f,y,f,c,n,b,t,?,k,k,p,p,p,w,o,e,w,v,l
1657,e,x,s,g,f,n,f,w,b,h,t,e,f,f,w,w,p,w,o,e,n,a,g
1658,e,k,s,w,f,n,f,w,b,p,e,?,k,k,w,w,p,w,t,p,w,s,g
1659,p,f,y,n,f,y,f,c,n,b,t,?,s,k,w,p,p,w,o,e,w,v,p
1660,e,f,s,n,f,n,a,c,b,y,e,?,s,s,o,o,p,o,o,p,y,v,l
1661,e,x,y,w,t,a,f,c,b,g,e,c,s,s,w,w,p,w,o,p,k,s,g
1662,e,x,y,g,t,n,f,c,b,p,t,b,s,s,g,w,p,w,o,p,n,v,d
1663,p,f,s,b,t,n,f,c,b,r,e,b,s,s,w,w,p,w,t,p,r,v,m
1664,p,f,s,b,t,f,f,c,b,h,t,b,f,s,w,w,p,w,o,p,h,s,u
1665,p,x,s,n,f,f,f,c,n,b,t,?,s,s,w,w,p,w,o,e,w,v,d
1666,p,k,s,e,f,y,f,c,n,b,t,?,k,s,p,p,p,w,o,e,w,v,p
1667,p,x,f,g,f,f,f,c,b,h,e,b,k,k,n,b,p,w,o,l,h,v,p
1668,e,f,f,n,f,n,f,w,b,n,t,e,s,f,w,w,p,w,o,e,k,s,g
1669,p,x,y,w,t,p,f,c,n,p,e,e,s,s,w,w,p,w,o,p,k,s,g
1670,p,k,y,n,f,y,f,c,n,b,t,?,s,k,w,w,p,w,o,e,w,v,p
1671,e,x,s,w,t,a,f,c,b,w,e,c,s,s,w,w,p,w,o,p,n,n,g
1672,e,k,f,w,f,n,f,w,b,w,e,?,k,k,w,w,p,w,t,p,w,s,g
1673,e,x,f,g,t,n,f,c,b,p,t,b,s,s,g,p,p,w,o,p,k,v,d
1674,p,x,s,e,f,f,f,c,n,b,t,?,k,k,w,p,p,w,o,e,w,v,d
1675,p,x,y,y,f,f,f,c,b,g,e,b,k,k,b,b,p,w,o,l,h,y,p
1676,e,x,f,e,t,n,f,c,b,u,t,b,s,s,p,p,p,w,o,p,n,y,d
1677,e,f,f,n,t,n,f,c,b,u,t,b,s,s,w,p,p,w,o,p,k,v,d
1678,e,f,y,g,t,n,f,c,b,u,t,b,s,s,g,g,p,w,o,p,k,v,d
1679,p,k,s,n,f,s,f,c,n,b,t,?,k,s,w,p,p,w,o,e,w,v,l
1680,e,b,s,n,f,n,a,c,b,n,e,?,s,s,o,o,p,o,o,p,b,c,l
1681,e,x,y,u,f,n,f,c,n,h,e,?,s,f,w,w,p,w,o,f,h,v,d
1682,e,f,f,g,f,n,f,w,b,k,t,e,f,s,w,w,p,w,o,e,n,s,g
1683,p,f,y,e,f,y,f,c,n,b,t,?,k,s,p,w,p,w,o,e,w,v,p
1684,e,f,y,g,t,n,f,c,b,p,t,b,s,s,p,w,p,w,o,p,n,v,d
1685,e,x,f,y,t,a,f,w,n,w,t,b,s,s,w,w,p,w,o,p,u,v,d
1686,e,f,f,e,t,n,f,c,b,n,t,b,s,s,g,p,p,w,o,p,n,v,d
1687,p,x,y,g,f,f,f,c,b,h,e,b,k,k,p,n,p,w,o,l,h,v,g
1688,e,x,s,w,t,l,f,c,b,g,e,c,s,s,w,w,p,w,o,p,k,n,m
1689,e,x,y,r,f,n,f,c,n,u,e,?,s,f,w,w,p,w,o,f,h,y,d
1690,e,x,y,g,t,n,f,c,b,n,t,b,s,s,p,w,p,w,o,p,n,y,d
1691,p,f,s,e,f,f,f,c,n,b,t,?,k,s,p,p,p,w,o,e,w,v,d
1692,e,f,f,g,t,n,f,c,b,p,t,b,s,s,w,p,p,w,o,p,k,v,d
1693,e,f,f,g,f,n,f,c,n,p,e,e,s,s,w,w,p,w,o,p,k,y,u
1694,e,x,y,n,t,a,f,c,b,n,e,r,s,y,w,w,p,w,o,p,k,y,p
1695,p,k,s,n,f,s,f,c,n,b,t,?,s,k,w,w,p,w,o,e,w,v,d
1696,e,x,f,g,t,n,f,c,b,u,t,b,s,s,g,w,p,w,o,p,k,y,d
1697,p,f,y,n,f,y,f,c,n,b,t,?,k,s,w,w,p,w,o,e,w,v,d
1698,e,f,f,n,t,n,f,c,b,w,t,b,s,s,w,w,p,w,o,p,n,v,d
1699,p,f,s,n,f,y,f,c,n,b,t,?,k,s,p,p,p,w,o,e,w,v,p
1700,p,f,f,y,f,f,f,c,b,g,e,b,k,k,n,n,p,w,o,l,h,y,p
1701,p,f,y,y,f,f,f,c,b,g,e,b,k,k,n,b,p,w,o,l,h,y,d
1702,e,f,y,g,t,n,f,c,b,w,t,b,s,s,p,p,p,w,o,p,k,v,d
1703,e,f,s,p,t,n,f,c,b,e,e,?,s,s,w,e,p,w,t,e,w,c,w
1704,e,x,f,g,t,n,f,c,b,p,t,b,s,s,w,g,p,w,o,p,k,v,d
1705,p,f,y,w,t,p,f,c,n,k,e,e,s,s,w,w,p,w,o,p,k,v,g
1706,e,f,f,g,t,n,f,c,b,w,t,b,s,s,g,g,p,w,o,p,k,y,d
1707,e,x,s,w,f,n,f,w,b,h,t,e,s,f,w,w,p,w,o,e,n,s,g
1708,p,x,y,n,t,p,f,c,n,p,e,e,s,s,w,w,p,w,o,p,n,v,g
1709,p,f,f,g,f,f,f,c,b,h,e,b,k,k,n,n,p,w,o,l,h,y,p
1710,p,k,s,n,f,f,f,c,n,b,t,?,s,s,p,w,p,w,o,e,w,v,l
1711,p,f,s,n,f,y,f,c,n,b,t,?,k,k,p,w,p,w,o,e,w,v,p
1712,e,f,f,n,f,n,f,w,b,p,t,e,f,s,w,w,p,w,o,e,k,a,g
1713,p,f,s,w,t,f,f,c,b,p,t,b,f,s,w,w,p,w,o,p,h,v,g
1714,p,k,y,n,f,f,f,c,n,b,t,?,s,k,p,p,p,w,o,e,w,v,l
1715,e,f,f,w,t,a,f,w,n,w,t,b,s,s,w,w,p,w,o,p,u,v,d
1716,e,b,y,w,t,l,f,c,b,k,e,c,s,s,w,w,p,w,o,p,k,s,g
1717,p,f,f,y,f,f,f,c,b,p,e,b,k,k,b,n,p,w,o,l,h,y,g
1718,e,x,s,w,f,n,f,w,b,h,t,e,f,s,w,w,p,w,o,e,k,s,g
1719,p,x,y,n,f,y,f,c,n,b,t,?,k,s,p,w,p,w,o,e,w,v,d
1720,p,x,f,y,f,f,f,c,b,h,e,b,k,k,b,b,p,w,o,l,h,v,p
1721,p,f,f,y,f,f,f,c,b,p,e,b,k,k,n,b,p,w,o,l,h,v,d
1722,p,k,y,n,f,s,f,c,n,b,t,?,s,k,p,p,p,w,o,e,w,v,p
1723,e,x,f,g,f,n,f,c,n,p,e,e,s,s,w,w,p,w,o,p,k,v,u
1724,p,f,f,g,f,f,f,c,b,p,e,b,k,k,p,n,p,w,o,l,h,v,g
1725,e,x,f,n,f,n,f,w,b,h,t,e,s,f,w,w,p,w,o,e,n,s,g
1726,p,x,f,g,f,c,f,c,n,n,e,b,s,s,w,w,p,w,o,p,n,s,d
1727,p,x,y,y,f,f,f,c,b,g,e,b,k,k,b,n,p,w,o,l,h,y,g
1728,e,f,y,g,t,n,f,c,b,w,t,b,s,s,p,g,p,w,o,p,n,y,d
1729,e,f,y,e,t,n,f,c,b,w,e,?,s,s,w,e,p,w,t,e,w,c,w
1730,p,f,s,n,f,s,f,c,n,b,t,?,s,s,w,p,p,w,o,e,w,v,d
1731,e,x,f,g,t,n,f,c,b,w,t,b,s,s,w,w,p,w,o,p,n,v,d
1732,e,f,y,n,t,n,f,c,b,n,t,b,s,s,w,p,p,w,o,p,n,y,d
1733,e,b,y,y,t,l,f,c,b,n,e,c,s,s,w,w,p,w,o,p,k,s,m
1734,e,x,y,y,t,l,f,c,b,p,e,r,s,y,w,w,p,w,o,p,k,s,p
1735,e,x,f,g,f,n,f,w,b,h,t,e,s,s,w,w,p,w,o,e,k,s,g
1736,e,x,f,n,f,n,f,c,n,p,e,e,s,s,w,w,p,w,o,p,k,v,u
1737,e,x,f,e,t,n,f,c,b,w,t,b,s,s,p,p,p,w,o,p,n,y,d
1738,e,f,f,n,f,n,f,c,n,g,e,e,s,s,w,w,p,w,o,p,k,v,u
1739,e,b,y,y,t,l,f,c,b,k,e,c,s,s,w,w,p,w,o,p,k,n,m
1740,e,b,y,y,t,l,f,c,b,n,e,c,s,s,w,w,p,w,o,p,k,n,g
1741,p,f,s,n,f,y,f,c,n,b,t,?,s,k,w,p,p,w,o,e,w,v,l
1742,p,x,y,n,f,f,f,c,n,b,t,?,s,s,p,w,p,w,o,e,w,v,l
1743,p,f,y,n,t,p,f,c,n,n,e,e,s,s,w,w,p,w,o,p,k,s,u
1744,p,x,y,y,f,f,f,c,b,h,e,b,k,k,p,p,p,w,o,l,h,y,g
1745,e,x,f,g,t,n,f,c,b,p,t,b,s,s,w,p,p,w,o,p,n,v,d
1746,p,x,s,b,t,f,f,c,b,p,t,b,s,f,w,w,p,w,o,p,h,v,u
1747,p,f,f,y,f,f,f,c,b,g,e,b,k,k,n,p,p,w,o,l,h,v,d
1748,e,b,y,w,t,a,f,c,b,n,e,c,s,s,w,w,p,w,o,p,k,s,g
1749,e,b,f,w,f,n,f,w,b,w,e,?,s,k,w,w,p,w,t,p,w,s,g
1750,e,x,y,g,t,n,f,c,b,n,t,b,s,s,w,p,p,w,o,p,n,v,d
1751,p,x,f,g,f,c,f,c,n,g,e,b,s,s,w,w,p,w,o,p,k,s,d
1752,p,x,y,w,t,p,f,c,n,n,e,e,s,s,w,w,p,w,o,p,k,s,u
1753,p,f,s,e,f,y,f,c,n,b,t,?,s,s,w,w,p,w,o,e,w,v,l
1754,e,f,f,e,t,n,f,c,b,u,t,b,s,s,p,w,p,w,o,p,k,v,d
1755,e,k,s,n,f,n,a,c,b,y,e,?,s,s,o,o,p,o,o,p,n,c,l
1756,p,f,s,n,f,y,f,c,n,b,t,?,k,k,w,w,p,w,o,e,w,v,l
1757,p,x,f,y,f,f,f,c,b,p,e,b,k,k,b,n,p,w,o,l,h,v,p
1758,p,x,y,y,f,f,f,c,b,h,e,b,k,k,n,n,p,w,o,l,h,y,p
1759,e,f,y,n,t,n,f,c,b,u,t,b,s,s,w,w,p,w,o,p,n,v,d
1760,e,f,s,e,t,n,f,c,b,e,e,?,s,s,w,e,p,w,t,e,w,c,w
1761,e,x,f,n,f,n,f,c,n,n,e,e,s,s,w,w,p,w,o,p,k,y,u
1762,p,x,s,n,f,f,f,c,n,b,t,?,s,s,p,p,p,w,o,e,w,v,p
1763,p,x,f,y,f,f,f,c,b,g,e,b,k,k,b,p,p,w,o,l,h,v,p
1764,p,x,s,n,f,y,f,c,n,b,t,?,s,k,w,p,p,w,o,e,w,v,l
1765,p,x,y,g,f,f,f,c,b,h,e,b,k,k,b,b,p,w,o,l,h,y,d
1766,p,x,f,g,f,f,f,c,b,h,e,b,k,k,n,p,p,w,o,l,h,v,d
1767,p,b,y,b,t,n,f,c,b,g,e,b,s,s,w,w,p,w,t,p,r,v,m
1768,e,x,f,w,f,n,f,w,b,n,t,e,f,f,w,w,p,w,o,e,n,a,g
1769,p,f,y,n,f,s,f,c,n,b,t,?,k,s,w,p,p,w,o,e,w,v,l
1770,p,k,y,n,f,y,f,c,n,b,t,?,k,k,p,w,p,w,o,e,w,v,d
1771,p,k,y,e,f,s,f,c,n,b,t,?,k,k,w,p,p,w,o,e,w,v,l
1772,p,f,y,n,f,s,f,c,n,b,t,?,k,k,w,w,p,w,o,e,w,v,d
1773,e,x,y,e,t,n,f,c,b,w,t,b,s,s,g,w,p,w,o,p,k,y,d
1774,e,k,s,w,f,n,f,w,b,p,e,?,s,s,w,w,p,w,t,p,w,n,g
1775,p,k,s,n,f,s,f,c,n,b,t,?,s,k,w,p,p,w,o,e,w,v,l
1776,e,x,f,g,f,n,f,w,b,p,e,?,k,s,w,w,p,w,t,p,w,n,g
1777,p,f,f,g,f,f,f,c,b,p,e,b,k,k,n,p,p,w,o,l,h,v,g
1778,e,k,s,w,f,n,f,w,b,g,e,?,s,k,w,w,p,w,t,p,w,s,g
1779,p,x,f,w,f,c,f,w,n,g,e,b,s,s,w,w,p,w,o,p,n,s,d
1780,p,f,y,y,f,f,f,c,b,p,e,b,k,k,b,b,p,w,o,l,h,y,d
1781,e,k,s,n,f,n,a,c,b,y,e,?,s,s,o,o,p,n,o,p,n,v,l
1782,p,x,y,n,f,n,f,c,n,w,e,?,k,y,w,y,p,w,o,e,w,v,d
1783,e,f,y,n,t,n,f,c,b,n,t,b,s,s,w,w,p,w,o,p,k,v,d
1784,e,x,f,g,t,n,f,c,b,u,t,b,s,s,w,p,p,w,o,p,k,v,d
1785,e,f,s,w,t,l,f,w,n,n,t,b,s,s,w,w,p,w,o,p,n,v,d
1786,p,f,s,b,t,f,f,c,b,p,t,b,f,s,w,w,p,w,o,p,h,s,u
1787,p,f,s,n,f,f,f,c,n,b,t,?,k,k,w,w,p,w,o,e,w,v,d
1788,p,x,f,g,f,f,f,c,b,p,e,b,k,k,b,b,p,w,o,l,h,v,g
1789,e,b,y,w,t,a,f,c,b,g,e,c,s,s,w,w,p,w,o,p,k,n,g
1790,e,f,y,g,t,n,f,c,b,n,t,b,s,s,g,w,p,w,o,p,n,v,d
1791,p,f,f,y,f,f,f,c,b,h,e,b,k,k,p,p,p,w,o,l,h,y,d
1792,e,x,f,g,t,n,f,c,b,n,t,b,s,s,w,p,p,w,o,p,n,v,d
1793,e,x,f,g,t,n,f,c,b,u,t,b,s,s,p,p,p,w,o,p,n,v,d
1794,e,f,s,w,f,n,f,w,b,n,t,e,s,f,w,w,p,w,o,e,n,a,g
1795,p,x,y,e,f,f,f,c,n,b,t,?,s,k,w,p,p,w,o,e,w,v,p
1796,e,x,f,w,f,n,f,w,b,k,t,e,s,f,w,w,p,w,o,e,n,a,g
1797,e,x,f,g,f,n,f,w,b,p,t,e,f,s,w,w,p,w,o,e,k,s,g
1798,e,f,y,n,t,n,f,c,b,p,t,b,s,s,g,w,p,w,o,p,k,y,d
1799,p,f,y,n,f,y,f,c,n,b,t,?,s,s,w,p,p,w,o,e,w,v,l
1800,p,f,y,n,f,f,f,c,n,b,t,?,s,s,w,p,p,w,o,e,w,v,p
1801,e,x,s,b,t,n,f,c,b,e,e,?,s,s,e,e,p,w,t,e,w,c,w
1802,e,x,y,w,t,l,f,c,b,w,e,c,s,s,w,w,p,w,o,p,k,s,g
1803,p,x,f,y,f,f,f,c,b,h,e,b,k,k,n,n,p,w,o,l,h,v,p
1804,e,x,f,n,t,n,f,c,b,u,t,b,s,s,p,w,p,w,o,p,n,v,d
1805,e,f,f,e,t,n,f,c,b,w,t,b,s,s,w,w,p,w,o,p,k,v,d
1806,e,b,y,y,t,l,f,c,b,g,e,c,s,s,w,w,p,w,o,p,n,s,g
1807,p,f,s,n,f,s,f,c,n,b,t,?,k,s,p,p,p,w,o,e,w,v,l
1808,e,f,y,n,t,a,f,c,b,p,e,r,s,y,w,w,p,w,o,p,k,y,p
1809,e,f,y,y,t,l,f,c,b,n,e,r,s,y,w,w,p,w,o,p,n,s,p
1810,e,k,f,w,f,n,f,w,b,g,e,?,k,k,w,w,p,w,t,p,w,n,g
1811,p,f,y,e,f,s,f,c,n,b,t,?,s,k,p,w,p,w,o,e,w,v,p
1812,p,x,s,e,f,y,f,c,n,b,t,?,k,k,w,p,p,w,o,e,w,v,d
1813,p,f,y,e,f,s,f,c,n,b,t,?,s,k,w,p,p,w,o,e,w,v,d
1814,p,f,s,g,t,f,f,c,b,h,t,b,s,s,w,w,p,w,o,p,h,s,u
1815,p,f,f,y,f,f,f,c,b,p,e,b,k,k,p,p,p,w,o,l,h,v,p
1816,p,x,f,y,f,f,f,c,b,g,e,b,k,k,b,n,p,w,o,l,h,y,d
1817,e,x,y,w,f,n,f,c,n,w,e,?,s,f,w,w,p,w,o,f,h,v,d
1818,e,x,y,w,t,l,f,c,b,n,e,c,s,s,w,w,p,w,o,p,n,s,m
1819,e,b,f,g,f,n,f,w,b,g,e,?,k,s,w,w,p,w,t,p,w,n,g
1820,p,x,f,g,f,f,f,c,b,g,e,b,k,k,p,p,p,w,o,l,h,y,d
1821,p,x,y,n,f,y,f,c,n,b,t,?,k,s,p,p,p,w,o,e,w,v,l
1822,e,k,s,g,f,n,f,w,b,g,e,?,s,s,w,w,p,w,t,p,w,s,g
1823,p,x,s,b,t,f,f,c,b,w,t,b,s,f,w,w,p,w,o,p,h,s,g
1824,e,b,f,g,f,n,f,w,b,w,e,?,k,k,w,w,p,w,t,p,w,s,g
1825,e,f,y,n,t,n,f,c,b,w,t,b,s,s,w,w,p,w,o,p,n,y,d
1826,p,f,f,g,f,f,f,c,b,g,e,b,k,k,p,b,p,w,o,l,h,y,g
1827,e,x,y,y,t,l,f,c,b,w,e,r,s,y,w,w,p,w,o,p,n,s,p
1828,e,x,f,w,f,n,f,w,b,p,e,?,k,s,w,w,p,w,t,p,w,n,g
1829,p,x,f,y,f,f,f,c,b,h,e,b,k,k,b,p,p,w,o,l,h,v,d
1830,e,f,s,w,f,n,f,w,b,n,t,e,f,f,w,w,p,w,o,e,n,a,g
1831,e,f,y,w,f,n,f,c,n,w,e,?,s,f,w,w,p,w,o,f,h,y,d
1832,e,x,y,w,t,l,f,c,b,g,e,c,s,s,w,w,p,w,o,p,k,s,g
1833,p,x,s,w,t,p,f,c,n,k,e,e,s,s,w,w,p,w,o,p,n,v,g
1834,p,f,y,e,f,f,f,c,n,b,t,?,s,k,w,w,p,w,o,e,w,v,l
1835,e,f,y,g,t,n,f,c,b,n,t,b,s,s,p,g,p,w,o,p,k,v,d
1836,e,b,y,y,t,a,f,c,b,n,e,c,s,s,w,w,p,w,o,p,k,s,g
1837,e,x,y,n,t,n,f,c,b,p,t,b,s,s,p,p,p,w,o,p,n,y,d
1838,e,x,s,n,f,n,f,w,b,k,t,e,s,s,w,w,p,w,o,e,k,s,g
1839,e,f,y,e,t,n,f,c,b,u,t,b,s,s,g,g,p,w,o,p,k,v,d
1840,e,s,f,n,f,n,f,c,n,g,e,e,s,s,w,w,p,w,o,p,k,y,u
1841,p,f,y,n,f,y,f,c,n,b,t,?,s,s,p,w,p,w,o,e,w,v,d
1842,p,f,f,y,f,f,f,c,b,p,e,b,k,k,p,p,p,w,o,l,h,y,g
1843,p,x,y,g,f,f,f,c,b,p,e,b,k,k,p,p,p,w,o,l,h,v,d
1844,p,f,y,w,t,p,f,c,n,k,e,e,s,s,w,w,p,w,o,p,k,s,g
1845,p,x,y,n,f,f,f,c,n,b,t,?,s,k,w,w,p,w,o,e,w,v,d
1846,e,f,f,y,t,l,f,w,n,p,t,b,s,s,w,w,p,w,o,p,n,v,d
1847,e,f,f,n,t,n,f,c,b,p,t,b,s,s,w,g,p,w,o,p,k,y,d
1848,e,x,y,y,t,l,f,c,b,p,e,r,s,y,w,w,p,w,o,p,n,y,p
1849,e,f,y,e,t,n,f,c,b,w,t,b,s,s,g,g,p,w,o,p,n,y,d
1850,p,f,s,e,f,s,f,c,n,b,t,?,s,s,w,p,p,w,o,e,w,v,p
1851,e,f,s,w,t,a,f,w,n,n,t,b,s,s,w,w,p,w,o,p,n,v,d
1852,e,f,y,n,t,l,f,c,b,w,e,r,s,y,w,w,p,w,o,p,k,y,g
1853,p,x,y,e,f,f,f,c,n,b,t,?,k,s,p,w,p,w,o,e,w,v,p
1854,e,x,f,g,f,n,f,w,b,g,e,?,s,k,w,w,p,w,t,p,w,s,g
1855,e,f,f,g,t,n,f,c,b,n,t,b,s,s,g,p,p,w,o,p,k,v,d
1856,e,f,f,g,t,n,f,c,b,p,t,b,s,s,p,w,p,w,o,p,n,y,d
1857,e,k,s,n,f,n,a,c,b,y,e,?,s,s,o,o,p,n,o,p,y,v,l
1858,e,x,y,e,t,n,f,c,b,n,t,b,s,s,g,g,p,w,o,p,n,v,d
1859,e,x,s,w,t,l,f,c,b,n,e,c,s,s,w,w,p,w,o,p,n,s,m
1860,p,k,y,e,f,s,f,c,n,b,t,?,s,k,w,w,p,w,o,e,w,v,p
1861,p,x,y,n,f,f,f,c,n,b,t,?,k,s,p,w,p,w,o,e,w,v,l
1862,e,x,y,w,f,n,f,c,n,p,e,?,s,f,w,w,p,w,o,f,h,y,d
1863,e,x,s,w,f,n,f,w,b,g,e,?,k,s,w,w,p,w,t,p,w,n,g
1864,p,x,y,e,f,s,f,c,n,b,t,?,k,k,w,w,p,w,o,e,w,v,d
1865,p,x,y,y,f,f,f,c,b,h,e,b,k,k,b,p,p,w,o,l,h,y,g
1866,p,k,y,e,f,y,f,c,n,b,t,?,k,k,p,p,p,w,o,e,w,v,p
1867,e,f,y,r,f,n,f,c,n,u,e,?,s,f,w,w,p,w,o,f,h,v,d
1868,e,x,f,n,f,n,f,w,b,n,t,e,s,s,w,w,p,w,o,e,n,s,g
1869,p,f,y,n,f,s,f,c,n,b,t,?,s,s,p,w,p,w,o,e,w,v,l
1870,p,f,y,g,f,f,f,c,b,p,e,b,k,k,p,n,p,w,o,l,h,y,p
1871,p,k,y,e,f,s,f,c,n,b,t,?,k,s,w,w,p,w,o,e,w,v,p
1872,p,x,s,g,f,c,f,c,n,g,e,b,s,s,w,w,p,w,o,p,k,v,d
1873,p,x,s,w,t,f,f,c,b,h,t,b,f,f,w,w,p,w,o,p,h,v,u
1874,p,x,s,b,t,f,f,c,b,h,t,b,f,s,w,w,p,w,o,p,h,s,u
1875,e,x,f,w,f,n,f,w,b,p,t,e,s,f,w,w,p,w,o,e,n,a,g
1876,p,x,f,g,f,f,f,c,b,g,e,b,k,k,p,p,p,w,o,l,h,y,p
1877,p,x,y,n,f,s,f,c,n,b,t,?,s,k,w,w,p,w,o,e,w,v,d
1878,p,x,s,e,f,s,f,c,n,b,t,?,k,k,p,w,p,w,o,e,w,v,p
1879,p,k,y,n,f,s,f,c,n,b,t,?,s,s,p,p,p,w,o,e,w,v,l
1880,e,x,f,n,t,n,f,c,b,w,t,b,s,s,w,g,p,w,o,p,k,y,d
1881,p,f,s,b,t,f,f,c,b,p,t,b,f,s,w,w,p,w,o,p,h,s,g
1882,e,f,y,c,f,n,f,w,n,w,e,b,f,s,w,n,p,w,o,e,w,v,l
1883,p,k,s,n,f,y,f,c,n,b,t,?,s,s,p,p,p,w,o,e,w,v,d
1884,e,x,s,y,t,a,f,c,b,g,e,c,s,s,w,w,p,w,o,p,k,n,g
1885,e,f,s,p,t,n,f,c,b,w,e,b,s,s,w,w,p,w,t,p,w,v,p
1886,e,x,y,w,t,l,f,c,b,n,e,c,s,s,w,w,p,w,o,p,k,s,m
1887,e,x,y,y,t,a,f,c,b,n,e,r,s,y,w,w,p,w,o,p,n,s,p
1888,e,f,s,n,f,n,a,c,b,n,e,?,s,s,o,o,p,o,o,p,y,v,l
1889,e,x,s,w,f,n,f,w,b,k,t,e,s,f,w,w,p,w,o,e,k,a,g
1890,e,f,s,n,f,n,a,c,b,o,e,?,s,s,o,o,p,n,o,p,y,v,l
1891,e,f,y,n,f,n,f,c,b,w,e,b,y,y,n,n,p,w,t,p,w,y,p
1892,p,f,s,g,t,f,f,c,b,h,t,b,s,s,w,w,p,w,o,p,h,s,g
1893,e,f,y,e,t,n,f,c,b,n,t,b,s,s,g,w,p,w,o,p,n,v,d
1894,p,x,f,p,f,c,f,c,n,p,e,b,s,s,w,w,p,w,o,p,k,s,d
1895,e,x,y,n,t,n,f,c,b,w,t,b,s,s,w,p,p,w,o,p,k,y,d
1896,p,f,y,w,t,p,f,c,n,n,e,e,s,s,w,w,p,w,o,p,n,s,u
1897,p,f,s,e,f,y,f,c,n,b,t,?,s,s,p,p,p,w,o,e,w,v,l
1898,p,f,s,n,f,s,f,c,n,b,t,?,s,k,w,p,p,w,o,e,w,v,l
1899,p,k,y,e,f,f,f,c,n,b,t,?,s,k,w,w,p,w,o,e,w,v,l
1900,p,f,s,e,f,s,f,c,n,b,t,?,s,k,p,w,p,w,o,e,w,v,p
1901,e,f,f,e,t,n,f,c,b,n,t,b,s,s,p,p,p,w,o,p,n,v,d
1902,e,b,s,n,f,n,a,c,b,o,e,?,s,s,o,o,p,o,o,p,n,c,l
1903,e,f,y,g,t,n,f,c,b,w,t,b,s,s,p,p,p,w,o,p,n,y,d
1904,e,f,f,e,t,n,f,c,b,w,t,b,s,s,w,g,p,w,o,p,k,v,d
1905,e,f,f,e,t,n,f,c,b,n,t,b,s,s,w,w,p,w,o,p,n,y,d
1906,p,x,f,y,f,f,f,c,b,h,e,b,k,k,b,b,p,w,o,l,h,v,d
1907,e,f,y,n,t,n,f,c,b,p,t,b,s,s,w,g,p,w,o,p,k,y,d
1908,e,x,y,n,t,n,f,c,b,u,t,b,s,s,g,p,p,w,o,p,k,y,d
1909,p,x,s,n,f,y,f,c,n,b,t,?,k,s,p,p,p,w,o,e,w,v,l
1910,p,f,f,y,f,f,f,c,b,p,e,b,k,k,b,p,p,w,o,l,h,y,p
1911,p,f,f,y,f,f,f,c,b,g,e,b,k,k,p,n,p,w,o,l,h,v,g
1912,p,f,s,n,t,p,f,c,n,w,e,e,s,s,w,w,p,w,o,p,n,v,u
1913,p,f,s,w,t,f,f,c,b,w,t,b,f,s,w,w,p,w,o,p,h,v,g
1914,e,f,f,g,t,n,f,c,b,p,t,b,s,s,g,g,p,w,o,p,n,y,d
1915,e,b,f,w,f,n,f,w,b,p,e,?,k,s,w,w,p,w,t,p,w,s,g
1916,e,f,s,n,f,n,f,w,b,p,t,e,f,s,w,w,p,w,o,e,k,a,g
1917,p,x,f,g,f,f,f,c,b,p,e,b,k,k,b,b,p,w,o,l,h,y,g
1918,e,x,f,g,t,n,f,c,b,w,t,b,s,s,p,w,p,w,o,p,k,y,d
1919,e,f,y,n,t,n,f,c,b,u,t,b,s,s,g,p,p,w,o,p,n,v,d
1920,p,k,s,n,f,y,f,c,n,b,t,?,k,s,p,p,p,w,o,e,w,v,d
1921,p,x,y,y,f,f,f,c,b,g,e,b,k,k,n,n,p,w,o,l,h,v,d
1922,p,x,s,w,f,c,f,w,n,u,e,b,s,s,w,w,p,w,o,p,n,v,d
1923,p,x,y,n,f,f,f,c,n,b,t,?,k,k,w,p,p,w,o,e,w,v,d
1924,p,f,y,e,f,y,f,c,n,b,t,?,k,s,p,w,p,w,o,e,w,v,l
1925,p,f,y,g,f,f,f,c,b,g,e,b,k,k,n,n,p,w,o,l,h,y,g
1926,p,x,y,g,f,f,f,c,b,h,e,b,k,k,n,b,p,w,o,l,h,y,p
1927,e,x,y,w,t,a,f,c,b,k,e,c,s,s,w,w,p,w,o,p,n,n,m
1928,p,x,s,n,t,p,f,c,n,w,e,e,s,s,w,w,p,w,o,p,k,s,g
1929,p,x,s,n,f,y,f,c,n,b,t,?,s,s,p,w,p,w,o,e,w,v,l
1930,e,x,s,w,f,n,f,w,b,p,e,?,k,k,w,w,p,w,t,p,w,n,g
1931,e,x,f,n,t,n,f,c,b,w,t,b,s,s,p,p,p,w,o,p,n,v,d
1932,e,f,f,n,f,n,f,w,b,k,t,e,s,f,w,w,p,w,o,e,n,a,g
1933,p,x,s,e,f,f,f,c,n,b,t,?,s,k,w,w,p,w,o,e,w,v,d
1934,p,f,f,y,f,f,f,c,b,g,e,b,k,k,n,p,p,w,o,l,h,v,p
1935,e,b,y,w,t,l,f,c,b,g,e,c,s,s,w,w,p,w,o,p,n,s,m
1936,p,x,f,g,f,f,f,c,b,g,e,b,k,k,n,n,p,w,o,l,h,v,d
1937,p,x,s,e,f,y,f,c,n,b,t,?,k,k,w,p,p,w,o,e,w,v,l
1938,p,x,s,w,t,f,f,c,b,h,t,b,s,f,w,w,p,w,o,p,h,v,g
1939,e,b,s,n,f,n,a,c,b,n,e,?,s,s,o,o,p,n,o,p,o,v,l
1940,p,x,f,y,f,f,f,c,b,h,e,b,k,k,n,b,p,w,o,l,h,v,g
1941,e,f,s,y,t,l,f,w,n,n,t,b,s,s,w,w,p,w,o,p,n,v,d
1942,e,x,s,y,t,l,f,c,b,k,e,c,s,s,w,w,p,w,o,p,k,s,g
1943,p,f,s,e,f,s,f,c,n,b,t,?,k,s,p,p,p,w,o,e,w,v,l
1944,e,x,f,n,t,n,f,c,b,w,t,b,s,s,w,w,p,w,o,p,n,y,d
1945,e,x,s,n,f,n,a,c,b,y,e,?,s,s,o,o,p,o,o,p,y,c,l
1946,p,f,s,w,t,n,f,c,b,g,e,b,s,s,w,w,p,w,t,p,r,v,g
1947,e,f,s,g,f,n,f,w,b,n,t,e,f,f,w,w,p,w,o,e,n,s,g
1948,p,f,y,y,f,f,f,c,b,g,e,b,k,k,b,p,p,w,o,l,h,v,d
1949,e,x,f,g,t,n,f,c,b,p,t,b,s,s,g,g,p,w,o,p,n,v,d
1950,e,b,s,n,f,n,a,c,b,n,e,?,s,s,o,o,p,o,o,p,b,v,l
1951,p,x,y,n,t,p,f,c,n,w,e,e,s,s,w,w,p,w,o,p,n,v,u
1952,e,k,f,w,f,n,f,w,b,p,e,?,s,k,w,w,p,w,t,p,w,s,g
1953,e,x,f,g,f,n,f,w,b,k,t,e,s,f,w,w,p,w,o,e,n,a,g
1954,p,x,f,w,f,c,f,w,n,g,e,b,s,s,w,w,p,w,o,p,k,v,d
1955,e,x,f,n,f,n,f,w,n,w,e,b,s,f,w,n,p,w,o,e,w,v,l
1956,e,x,y,y,t,a,f,c,b,n,e,r,s,y,w,w,p,w,o,p,n,y,g
1957,p,x,f,y,f,f,f,c,b,p,e,b,k,k,b,n,p,w,o,l,h,y,g
1958,e,b,y,y,t,a,f,c,b,w,e,c,s,s,w,w,p,w,o,p,k,n,g
1959,p,f,s,g,t,f,f,c,b,h,t,b,s,f,w,w,p,w,o,p,h,v,u
1960,e,x,s,w,t,l,f,w,n,p,t,b,s,s,w,w,p,w,o,p,n,v,d
1961,e,x,s,y,t,l,f,c,b,k,e,c,s,s,w,w,p,w,o,p,k,n,g
1962,e,f,f,e,t,n,f,c,b,n,t,b,s,s,g,p,p,w,o,p,k,y,d
1963,p,k,s,e,f,y,f,c,n,b,t,?,k,k,w,p,p,w,o,e,w,v,l
1964,e,x,f,w,f,n,f,w,b,k,t,e,s,s,w,w,p,w,o,e,n,a,g
1965,p,x,s,e,f,s,f,c,n,b,t,?,s,s,p,p,p,w,o,e,w,v,d
1966,p,f,f,g,f,f,f,c,b,p,e,b,k,k,b,b,p,w,o,l,h,y,d
1967,p,x,y,g,f,f,f,c,b,p,e,b,k,k,n,p,p,w,o,l,h,v,p
1968,p,b,y,w,t,n,f,c,b,r,e,b,s,s,w,w,p,w,t,p,r,v,g
1969,p,x,y,y,f,f,f,c,b,p,e,b,k,k,n,p,p,w,o,l,h,y,p
1970,e,f,f,g,t,n,f,c,b,p,t,b,s,s,g,w,p,w,o,p,n,v,d
1971,p,x,f,y,f,f,f,c,b,p,e,b,k,k,b,p,p,w,o,l,h,v,d
1972,e,x,s,y,t,l,f,c,b,w,e,c,s,s,w,w,p,w,o,p,k,n,g
1973,e,x,f,w,t,a,f,w,n,n,t,b,s,s,w,w,p,w,o,p,u,v,d
1974,p,f,y,y,f,f,f,c,b,p,e,b,k,k,b,n,p,w,o,l,h,y,g
1975,p,k,y,n,f,s,f,c,n,b,t,?,k,s,w,p,p,w,o,e,w,v,p
1976,e,x,f,g,f,n,f,w,b,h,t,e,f,s,w,w,p,w,o,e,k,a,g
1977,e,f,f,n,t,n,f,c,b,n,t,b,s,s,g,g,p,w,o,p,n,y,d
1978,p,f,y,n,f,f,f,c,n,b,t,?,s,k,w,w,p,w,o,e,w,v,l
1979,e,f,f,g,t,n,f,c,b,n,t,b,s,s,p,g,p,w,o,p,k,v,d
1980,p,f,s,n,f,s,f,c,n,b,t,?,s,k,w,w,p,w,o,e,w,v,p
1981,p,f,s,w,t,f,f,c,b,h,t,b,f,s,w,w,p,w,o,p,h,s,u
1982,e,f,f,g,f,n,f,w,b,n,t,e,s,s,w,w,p,w,o,e,n,a,g
1983,p,x,f,y,f,f,f,c,b,g,e,b,k,k,p,n,p,w,o,l,h,v,g
1984,p,f,s,e,f,s,f,c,n,b,t,?,s,s,w,p,p,w,o,e,w,v,l
1985,e,x,s,w,f,n,f,w,b,h,t,e,s,s,w,w,p,w,o,e,n,a,g
1986,e,s,f,g,f,n,f,c,n,g,e,e,s,s,w,w,p,w,o,p,k,v,u
1987,p,b,y,b,t,n,f,c,b,r,e,b,s,s,w,w,p,w,t,p,r,v,g
1988,e,x,y,e,t,n,f,c,b,w,t,b,s,s,p,p,p,w,o,p,k,v,d
1989,e,x,y,n,t,n,f,c,b,p,t,b,s,s,w,w,p,w,o,p,n,y,d
1990,p,k,f,n,f,n,f,c,n,w,e,?,k,y,w,n,p,w,o,e,w,v,d
1991,p,k,s,n,f,y,f,c,n,b,t,?,k,k,p,w,p,w,o,e,w,v,p
1992,p,x,y,g,f,f,f,c,b,p,e,b,k,k,n,n,p,w,o,l,h,y,d
1993,e,f,f,g,f,n,f,c,n,g,e,e,s,s,w,w,p,w,o,p,n,y,u
1994,e,b,y,y,t,l,f,c,b,g,e,c,s,s,w,w,p,w,o,p,k,n,m
1995,e,x,y,y,t,a,f,c,b,n,e,c,s,s,w,w,p,w,o,p,n,n,g
1996,e,f,s,n,f,n,a,c,b,o,e,?,s,s,o,o,p,o,o,p,y,c,l
1997,p,f,f,g,f,f,f,c,b,g,e,b,k,k,n,b,p,w,o,l,h,v,g
1998,p,x,y,y,f,f,f,c,b,h,e,b,k,k,n,p,p,w,o,l,h,v,g
1999,p,k,s,n,f,f,f,c,n,b,t,?,k,k,w,w,p,w,o,e,w,v,l
2000,p,x,f,y,f,f,f,c,b,g,e,b,k,k,b,b,p,w,o,l,h,y,d
2001,p,f,y,g,f,f,f,c,b,h,e,b,k,k,n,p,p,w,o,l,h,v,d
